date,东城区,西城区,朝阳区,海淀区,丰台区,石景山区,昌平区,延庆区,怀柔区,密云区,平谷区,顺义区,通州区,大兴区,门头沟区,房山区
20210101,29.041666666666668,29.76388888888889,28.333333333333332,30.083333333333332,34.31944444444444,36.875,25.791666666666668,30.895833333333332,19.0,18.0,32.666666666666664,33.479166666666664,44.520833333333336,39.8125,30.916666666666668,37.0
20210102,56.18478260869565,56.88405797101449,54.46376811594203,53.80434782608695,54.47826086956522,56.52173913043478,41.369565217391305,20.26086956521739,43.869565217391305,29.130434782608695,48.391304347826086,50.30434782608695,56.28260869565217,62.02898550724638,50.73913043478261,62.71739130434783
20210103,14.333333333333334,15.583333333333334,14.652777777777779,21.3125,13.597222222222221,19.708333333333332,14.458333333333334,15.729166666666666,9.0,7.25,16.291666666666668,16.083333333333332,21.270833333333332,24.916666666666668,16.791666666666668,36.4375
20210104,15.695652173913043,17.608695652173914,17.384057971014496,16.804347826086957,15.014492753623188,18.695652173913043,13.869565217391305,20.26086956521739,10.130434782608695,10.369565217391305,14.304347826086957,19.282608695652176,30.130434782608695,24.043478260869566,16.782608695652176,26.434782608695652
20210105,12.181818181818182,15.704545454545455,9.583333333333334,12.590909090909092,11.0,16.181818181818183,9.272727272727273,13.272727272727273,7.318181818181818,11.5,11.732954545454545,9.386363636363637,11.25,14.628787878787877,13.954545454545455,19.318181818181817
20210106,11.600694444444445,15.569444444444445,12.298611111111112,11.479166666666666,12.194444444444445,15.166666666666666,7.75,8.354166666666666,8.041666666666666,7.5,10.515625,12.208333333333334,16.020833333333332,20.63888888888889,14.604166666666666,14.333333333333334
20210107,9.193181818181818,11.81060606060606,8.53030303030303,7.886363636363637,9.181818181818182,10.045454545454545,5.795454545454546,9.522727272727273,5.659090909090909,4.840909090909091,8.090909090909092,6.954545454545454,9.659090909090908,23.719696969696972,8.636363636363637,12.659090909090908
20210109,10.854166666666666,12.555555555555555,8.194444444444445,8.0,12.430555555555555,10.625,7.3125,11.5625,7.708333333333333,9.5625,8.375,9.104166666666666,14.270833333333334,23.777777777777775,7.333333333333333,21.916666666666668
20210110,8.881944444444445,9.347222222222223,7.541666666666667,7.6875,7.458333333333333,8.0,6.854166666666667,8.354166666666666,8.625,8.291666666666666,9.875,8.8125,9.291666666666666,10.597222222222223,6.041666666666667,14.604166666666666
20210111,21.09375,22.097222222222225,19.333333333333332,22.041666666666668,21.125,26.833333333333332,17.916666666666668,19.229166666666668,14.916666666666666,15.208333333333334,19.375,21.145833333333332,24.25,25.236111111111114,25.0,26.166666666666668
20210112,45.1875,45.888888888888886,43.55555555555555,48.4375,45.458333333333336,53.020833333333336,39.145833333333336,56.375,31.625,29.75,40.708333333333336,43.4375,59.895833333333336,60.25,38.583333333333336,48.479166666666664
20210113,56.270833333333336,59.583333333333336,59.40972222222222,60.3125,60.03472222222222,66.25,67.1875,81.79166666666667,39.0625,30.958333333333332,55.083333333333336,57.0,63.875,66.25,67.16666666666667,63.5
20210114,51.145833333333336,51.18055555555555,49.625,54.708333333333336,56.076388888888886,68.625,50.520833333333336,60.770833333333336,47.375,47.625,44.291666666666664,46.166666666666664,51.9375,57.986111111111114,67.33333333333333,59.958333333333336
20210115,43.05555555555555,48.861111111111114,40.90277777777778,48.145833333333336,45.97222222222222,50.5,41.0,45.479166666666664,41.166666666666664,33.333333333333336,36.916666666666664,42.208333333333336,47.416666666666664,51.729166666666664,43.041666666666664,53.875
20210116,8.916666666666666,9.272727272727273,9.151515151515152,8.886363636363637,8.333333333333334,9.545454545454545,8.522727272727273,12.25,8.0,7.2727272727272725,7.818181818181818,9.840909090909092,9.454545454545455,14.424242424242424,9.886363636363637,12.659090909090908
20210117,16.916666666666668,18.125,14.555555555555555,18.875,17.958333333333332,21.0,15.5,14.666666666666666,16.5,15.270833333333334,17.583333333333332,17.791666666666668,19.041666666666668,24.32638888888889,18.625,24.666666666666668
20210123,87.0,96.5,106.0,106.0,98.5,103.5,86.66666666666667,93.5,71.0,75.0,64.0,102.5,67.0,79.5,105.5,101.5
20210128,11.041666666666666,7.708333333333333,8.520833333333334,6.583333333333333,6.875,7.145833333333333,5.652777777777778,6.854166666666667,4.416666666666667,4.125,5.125,5.3125,5.645833333333333,6.673611111111111,7.270833333333333,5.9375
20210129,25.479166666666668,23.145833333333332,23.25,22.375,21.208333333333332,21.229166666666668,17.59027777777778,13.979166666666666,15.416666666666666,17.0625,24.041666666666668,19.458333333333332,26.145833333333332,26.5,19.5,20.25
20210201,22.083333333333332,21.3125,21.895833333333332,18.020833333333332,15.479166666666666,17.1875,22.38888888888889,11.145833333333334,24.145833333333332,23.395833333333332,30.229166666666668,34.354166666666664,26.125,21.541666666666668,13.229166666666666,15.354166666666666
20210202,14.166666666666666,16.020833333333332,14.645833333333334,14.5625,14.1875,14.270833333333334,11.708333333333334,10.9375,12.645833333333334,12.4375,12.6875,14.541666666666666,11.854166666666666,13.447916666666666,14.770833333333334,16.104166666666668
20210203,19.875,19.770833333333332,19.25,18.416666666666668,18.270833333333332,17.0,15.541666666666666,14.0,14.833333333333334,14.958333333333334,19.270833333333332,17.895833333333332,23.479166666666668,28.15625,14.208333333333334,19.958333333333332
20210204,39.8125,40.333333333333336,38.270833333333336,41.208333333333336,43.145833333333336,37.416666666666664,25.930555555555557,15.0,26.875,27.9375,30.6875,35.229166666666664,35.583333333333336,39.25,25.9375,42.166666666666664
20210205,51.0625,50.416666666666664,50.770833333333336,45.625,38.125,39.1875,34.326388888888886,29.166666666666668,34.6875,41.708333333333336,44.6875,48.541666666666664,47.1875,54.045138888888886,32.0,39.5625
20210206,40.833333333333336,37.520833333333336,40.333333333333336,33.479166666666664,32.5,34.75,31.625,30.5625,26.791666666666668,20.375,35.791666666666664,41.875,36.645833333333336,37.458333333333336,30.020833333333332,32.895833333333336
20210207,24.625,24.166666666666668,25.0625,21.270833333333332,33.166666666666664,27.208333333333332,14.25,12.791666666666666,23.416666666666668,14.645833333333334,23.541666666666668,26.270833333333332,22.75,27.166666666666668,32.875,48.291666666666664
20210208,37.020833333333336,33.166666666666664,38.270833333333336,30.708333333333332,30.770833333333332,29.979166666666668,24.25,22.083333333333332,20.729166666666668,19.0,23.5,28.458333333333332,50.770833333333336,42.59722222222222,26.770833333333332,34.125
20210209,73.5,68.27083333333333,69.35416666666667,61.208333333333336,61.875,58.6875,51.00694444444445,55.916666666666664,48.3125,53.6875,70.0625,69.77083333333333,81.77083333333333,78.82986111111111,49.75,61.4375
20210210,89.72916666666667,88.39583333333333,86.52083333333333,80.25,81.125,77.54166666666667,66.25694444444444,68.52083333333333,53.458333333333336,59.5,71.125,73.27083333333333,80.14583333333333,98.02083333333333,63.625,78.45833333333333
20210211,186.125,181.20833333333334,182.125,165.54166666666666,162.72916666666666,156.375,152.02777777777777,126.41666666666667,135.77083333333334,143.33333333333334,141.20833333333334,170.3125,195.3125,189.73958333333334,132.4375,152.41666666666666
20210212,208.95833333333334,202.08333333333334,214.6875,240.72916666666666,194.39583333333334,205.89583333333334,187.11111111111111,156.02083333333334,188.64583333333334,218.5,239.33333333333334,223.47916666666666,286.0208333333333,232.03125,155.41666666666666,192.58333333333334
20210213,206.85416666666666,212.5625,204.10416666666666,214.125,230.27083333333334,209.41666666666666,210.38888888888889,153.75,201.29166666666666,239.14583333333334,232.0625,213.60416666666666,191.22916666666666,181.125,205.29166666666666,204.77083333333334
20210214,92.875,95.79166666666667,90.58333333333333,100.0,103.9375,102.9375,100.34722222222223,126.64583333333333,129.5625,146.66666666666666,142.04166666666666,111.75,93.29166666666667,87.74652777777777,112.60416666666667,102.375
20210215,13.166666666666666,13.604166666666666,11.375,9.5625,8.541666666666666,9.604166666666666,7.611111111111111,4.854166666666667,6.854166666666667,4.625,5.229166666666667,5.833333333333333,7.1875,10.604166666666666,6.083333333333333,9.541666666666666
20210216,8.208333333333334,7.958333333333333,6.3125,6.104166666666667,5.9375,6.0,5.041666666666667,3.5208333333333335,4.3125,3.9583333333333335,3.9375,5.666666666666667,6.208333333333333,7.416666666666667,5.354166666666667,5.583333333333333
20210217,10.708333333333334,10.4375,7.270833333333333,9.520833333333334,10.229166666666666,10.208333333333334,7.680555555555556,9.0,7.770833333333333,8.104166666666666,7.041666666666667,6.25,8.979166666666666,10.489583333333334,9.604166666666666,12.625
20210218,32.0,30.318181818181817,27.772727272727273,24.068181818181817,31.181818181818183,25.90909090909091,17.265151515151516,17.5,15.795454545454545,17.75,21.704545454545453,19.181818181818183,30.113636363636363,36.26136363636363,25.386363636363637,32.0
20210219,49.416666666666664,46.354166666666664,44.208333333333336,39.395833333333336,49.791666666666664,43.645833333333336,31.88888888888889,26.166666666666668,35.208333333333336,44.5,63.145833333333336,45.364583333333336,48.4375,66.29166666666667,31.770833333333332,58.5
20210220,51.28260869565217,50.891304347826086,43.608695652173914,37.108695652173914,46.84782608695652,38.84782608695652,31.14492753623188,34.5,37.108695652173914,37.21739130434783,53.04347826086956,48.34782608695652,49.52173913043478,61.48188405797101,31.130434782608695,44.54347826086956
20210221,62.6875,60.791666666666664,57.708333333333336,50.125,55.75,51.041666666666664,51.333333333333336,58.8125,45.791666666666664,51.9375,56.1875,58.416666666666664,59.520833333333336,67.16666666666667,46.4375,54.145833333333336
20210222,37.25,38.875,31.0625,24.958333333333332,38.208333333333336,27.833333333333332,11.111111111111112,13.104166666666666,12.854166666666666,9.645833333333334,34.125,26.770833333333332,39.1875,42.552083333333336,30.666666666666668,69.5
20210223,26.666666666666668,26.604166666666668,26.4375,25.458333333333332,21.625,23.895833333333332,33.75,35.833333333333336,32.0625,33.1875,29.3125,31.0,24.520833333333332,22.208333333333332,25.625,22.125
20210224,42.020833333333336,43.4375,42.770833333333336,45.833333333333336,38.791666666666664,42.125,43.93055555555555,49.5,44.083333333333336,46.291666666666664,39.416666666666664,45.8125,40.354166666666664,37.041666666666664,45.375,38.666666666666664
20210225,82.0,84.125,82.47916666666667,81.0625,79.10416666666667,79.91666666666667,72.66666666666667,69.60416666666667,67.10416666666667,74.47916666666667,84.25,89.125,88.54166666666667,88.5625,78.8125,74.5625
20210226,131.52083333333334,132.97916666666666,131.08333333333334,131.64583333333334,123.83333333333333,127.60416666666667,138.25,99.14583333333333,140.52083333333334,138.39583333333334,142.25,149.5,144.1875,127.89583333333333,118.33333333333333,118.79166666666667
20210227,109.39583333333333,110.22916666666667,109.29166666666667,130.83333333333334,122.22916666666667,123.4375,132.27777777777777,117.54166666666667,139.08333333333334,137.0,120.33333333333333,152.97916666666666,121.27083333333333,116.72916666666667,127.89583333333333,121.39583333333333
20210228,93.5,95.5,96.85416666666667,108.6875,101.77083333333333,100.4375,116.43055555555556,114.45833333333333,97.5625,88.27083333333333,72.375,101.83333333333333,102.54166666666667,99.73958333333333,109.85416666666667,95.33333333333333
20210301,23.5,24.666666666666668,22.4375,23.333333333333332,22.0,24.229166666666668,23.76388888888889,19.520833333333332,19.541666666666668,16.104166666666668,18.854166666666668,19.0,19.916666666666668,21.520833333333332,24.4375,25.979166666666668
20210302,63.875,64.47916666666667,61.3125,61.666666666666664,61.020833333333336,60.3125,52.94444444444445,46.979166666666664,54.479166666666664,58.5625,65.47916666666667,60.0,68.875,69.79166666666667,54.875,56.875
20210303,117.66666666666667,119.39583333333333,114.5625,112.9375,109.39583333333333,112.375,108.6875,83.14583333333333,115.5625,120.97916666666667,124.16666666666667,125.72916666666667,124.375,120.1875,104.1875,107.875
20210304,152.1875,154.83333333333334,154.1875,149.39583333333334,143.97916666666666,145.875,144.98611111111111,124.27083333333333,162.9375,165.625,172.08333333333334,171.77083333333334,163.79166666666666,152.89583333333334,133.39583333333334,135.8125
20210305,119.39583333333333,120.66666666666667,120.47916666666667,114.02083333333333,114.95833333333333,125.375,117.75,118.66666666666667,115.60416666666667,111.10416666666667,112.91666666666667,122.10416666666667,117.33333333333333,100.07291666666667,119.20833333333333,114.08333333333333
20210306,23.75,24.729166666666668,22.916666666666668,22.958333333333332,20.145833333333332,22.75,22.51388888888889,23.125,19.75,15.979166666666666,15.291666666666666,18.333333333333332,17.395833333333332,19.5,22.395833333333332,21.208333333333332
20210307,54.333333333333336,54.479166666666664,53.833333333333336,57.375,55.4375,54.708333333333336,59.736111111111114,61.166666666666664,55.541666666666664,53.791666666666664,55.25,56.895833333333336,52.833333333333336,54.25,60.375,56.208333333333336
20210308,76.3125,79.64583333333333,80.5,90.72916666666667,88.20833333333333,89.16666666666667,98.31944444444444,98.45833333333333,92.52083333333333,85.27083333333333,81.27083333333333,93.47916666666667,84.33333333333333,83.55208333333333,99.1875,91.54166666666667
20210309,140.72916666666666,144.33333333333334,143.02083333333334,146.5625,149.89583333333334,146.72916666666666,141.63194444444443,142.125,132.97916666666666,129.10416666666666,135.39583333333334,138.22916666666666,140.29166666666666,148.19791666666666,153.89583333333334,148.25
20210310,180.16666666666666,192.0,189.39583333333334,205.4375,205.89583333333334,202.33333333333334,227.9027777777778,211.58333333333334,215.72916666666666,198.64583333333334,147.3125,194.08333333333334,158.04166666666666,156.73958333333334,207.60416666666666,193.20833333333334
20210311,94.22916666666667,98.8125,106.9375,146.14583333333334,121.85416666666667,142.45833333333334,150.90277777777777,164.54166666666666,145.25,137.45833333333334,84.33333333333333,134.08333333333334,78.70833333333333,79.94791666666667,172.35416666666666,121.22916666666667
20210312,107.83333333333333,109.75,109.125,105.85416666666667,104.33333333333333,105.85416666666667,105.45833333333333,58.375,108.04166666666667,93.70833333333333,116.54166666666667,121.875,111.9375,106.35416666666667,106.0625,109.16666666666667
20210313,115.52083333333333,119.79166666666667,115.52083333333333,119.72916666666667,119.64583333333333,122.02083333333333,105.0,53.75,81.5,74.08333333333333,86.77083333333333,92.27083333333333,102.9375,114.91666666666667,115.0625,125.375
20210314,130.47916666666666,133.85416666666666,140.20833333333334,124.35416666666667,133.4375,132.08333333333334,138.09722222222223,111.52083333333333,131.875,118.0,105.89583333333333,150.1875,151.16666666666666,131.16666666666666,122.35416666666667,130.625
20210315,249.41666666666666,228.02083333333334,251.625,234.89583333333334,210.0625,221.04166666666666,250.4722222222222,210.02083333333334,174.45833333333334,138.77083333333334,158.1875,205.85416666666666,190.5,208.97916666666666,224.4375,166.89583333333334
20210316,38.791666666666664,42.208333333333336,32.770833333333336,51.291666666666664,63.020833333333336,55.916666666666664,32.291666666666664,41.25,17.083333333333332,15.083333333333334,16.0625,24.416666666666668,21.8125,34.739583333333336,58.916666666666664,61.666666666666664
20210317,58.708333333333336,59.416666666666664,60.270833333333336,71.04166666666667,77.66666666666667,75.02083333333333,59.77777777777778,61.75,60.083333333333336,55.583333333333336,59.604166666666664,56.958333333333336,54.75,60.045138888888886,84.33333333333333,75.97916666666667
20210320,31.5,31.145833333333332,30.5,28.229166666666668,27.729166666666668,28.229166666666668,32.31944444444444,23.125,35.895833333333336,35.5625,32.354166666666664,33.583333333333336,31.3125,32.09375,24.666666666666668,32.208333333333336
20210321,8.291666666666666,9.145833333333334,7.958333333333333,6.479166666666667,5.604166666666667,7.333333333333333,6.180555555555556,4.875,4.895833333333333,4.875,3.7708333333333335,4.979166666666667,5.416666666666667,6.427083333333333,6.9375,4.625
20210323,41.208333333333336,43.729166666666664,43.8125,39.291666666666664,41.333333333333336,39.9375,34.34722222222222,27.416666666666668,32.333333333333336,31.520833333333332,41.291666666666664,41.541666666666664,41.458333333333336,43.166666666666664,34.229166666666664,35.770833333333336
20210328,132.54166666666666,124.125,147.77083333333334,130.29166666666666,123.875,134.45833333333334,160.18055555555557,127.8125,130.625,127.89583333333333,118.375,127.91666666666667,141.5,118.59375,142.25,109.8125
20210329,21.5,21.854166666666668,22.729166666666668,24.833333333333332,24.458333333333332,23.604166666666668,20.895833333333332,16.9375,15.0,15.958333333333334,16.1875,19.229166666666668,19.645833333333332,21.40625,22.4375,26.1875
20210401,72.60416666666667,78.6875,82.10416666666667,72.29166666666667,71.9375,73.08333333333333,72.25694444444444,50.166666666666664,75.1875,71.85416666666667,100.14583333333333,89.22916666666667,82.625,75.91666666666667,58.333333333333336,65.14583333333333
20210402,31.75,33.770833333333336,33.9375,32.1875,36.375,32.375,32.84027777777778,39.104166666666664,31.291666666666668,36.375,66.47916666666667,36.791666666666664,34.916666666666664,39.697916666666664,32.0,43.104166666666664
20210403,15.5625,18.0625,16.0,14.75,16.083333333333332,16.104166666666668,9.354166666666666,2.5208333333333335,9.416666666666666,7.958333333333333,18.729166666666668,14.270833333333334,17.0,21.072916666666668,12.770833333333334,17.125
20210404,6.5625,5.5625,6.833333333333333,6.125,5.395833333333333,5.770833333333333,5.25,7.395833333333333,5.416666666666667,5.416666666666667,6.895833333333333,7.333333333333333,7.041666666666667,9.54861111111111,8.0,4.770833333333333
20210405,33.979166666666664,34.666666666666664,36.916666666666664,29.666666666666668,30.375,29.770833333333332,23.590277777777775,22.25,26.770833333333332,26.375,28.604166666666668,32.354166666666664,36.75,38.822916666666664,24.916666666666668,30.229166666666668
20210406,31.770833333333332,31.4375,35.375,32.125,32.0625,32.854166666666664,29.555555555555557,30.3125,26.25,26.604166666666668,26.166666666666668,27.729166666666668,32.5,35.052083333333336,30.041666666666668,34.604166666666664
20210407,43.3125,45.552083333333336,46.791666666666664,44.0,43.4375,44.020833333333336,37.76388888888889,33.145833333333336,35.25,29.395833333333332,32.208333333333336,38.895833333333336,44.0625,50.197916666666664,38.416666666666664,42.208333333333336
20210408,35.583333333333336,37.458333333333336,38.020833333333336,34.5,39.479166666666664,36.145833333333336,32.07638888888889,29.770833333333332,31.291666666666668,23.854166666666668,24.833333333333332,32.291666666666664,34.416666666666664,35.354166666666664,34.270833333333336,36.416666666666664
20210409,40.75,42.666666666666664,41.625,41.229166666666664,39.458333333333336,42.583333333333336,41.833333333333336,43.729166666666664,37.9375,34.645833333333336,33.770833333333336,38.395833333333336,39.104166666666664,40.177083333333336,49.75,44.083333333333336
20210410,66.4375,100.29166666666667,70.02083333333333,66.14583333333333,69.79166666666667,64.64583333333333,62.041666666666664,62.729166666666664,62.6875,65.91666666666667,58.4375,68.83333333333333,70.10416666666667,66.80555555555556,66.3125,64.9375
20210411,49.125,54.479166666666664,52.520833333333336,55.875,54.291666666666664,56.208333333333336,69.91666666666667,66.6875,73.95833333333333,68.8125,61.666666666666664,62.020833333333336,55.708333333333336,48.72222222222222,61.666666666666664,52.125
20210412,46.041666666666664,48.625,47.291666666666664,43.354166666666664,46.041666666666664,45.75,45.138888888888886,42.416666666666664,48.541666666666664,52.604166666666664,57.0625,50.666666666666664,50.666666666666664,46.513888888888886,44.125,42.0625
20210413,6.395833333333333,5.416666666666667,6.4375,4.958333333333333,7.041666666666667,6.208333333333333,5.222222222222222,3.5416666666666665,3.5416666666666665,3.4166666666666665,5.125,5.0,10.5625,5.861111111111111,6.958333333333333,5.8125
20210414,29.145833333333332,28.208333333333332,28.020833333333332,24.604166666666668,29.479166666666668,23.625,21.444444444444443,15.895833333333334,15.1875,19.104166666666668,19.333333333333332,20.625,35.479166666666664,23.055555555555557,18.416666666666668,24.5
20210415,67.97916666666667,76.33333333333333,74.52083333333333,70.625,80.27083333333333,76.54166666666667,62.701388888888886,56.25,63.416666666666664,58.729166666666664,62.104166666666664,68.95833333333333,81.08333333333333,69.02777777777779,76.70833333333333,79.27083333333333
20210416,38.541666666666664,46.625,41.333333333333336,43.875,53.666666666666664,53.729166666666664,24.819444444444443,22.604166666666668,20.5,9.0625,19.104166666666668,21.854166666666668,46.479166666666664,44.09375,57.770833333333336,66.41666666666667
20210417,8.270833333333334,11.1875,9.9375,22.1875,9.0,17.520833333333332,7.048611111111111,6.916666666666667,7.104166666666667,8.583333333333334,10.229166666666666,7.791666666666667,11.083333333333334,15.197916666666666,11.270833333333334,10.958333333333334
20210418,28.0625,34.208333333333336,30.604166666666668,25.583333333333332,28.229166666666668,38.416666666666664,17.36111111111111,20.229166666666668,20.145833333333332,19.770833333333332,24.291666666666668,23.041666666666668,31.666666666666668,34.833333333333336,21.645833333333332,32.0625
20210419,60.354166666666664,65.0,61.8125,57.083333333333336,62.625,59.270833333333336,51.75,44.458333333333336,46.375,48.0,52.729166666666664,49.75,62.166666666666664,59.451388888888886,47.375,59.0
20210420,44.875,55.083333333333336,49.479166666666664,50.479166666666664,56.708333333333336,57.3125,48.84722222222222,54.604166666666664,54.0625,53.666666666666664,60.0,60.729166666666664,60.020833333333336,44.40625,47.291666666666664,50.541666666666664
20210421,29.520833333333332,37.729166666666664,34.916666666666664,33.916666666666664,32.666666666666664,35.208333333333336,37.09722222222222,36.833333333333336,53.375,53.104166666666664,53.208333333333336,60.708333333333336,40.166666666666664,30.583333333333332,37.625,29.166666666666668
20210422,33.020833333333336,34.666666666666664,32.4375,30.625,31.979166666666668,32.3125,34.49305555555556,42.145833333333336,27.916666666666668,25.8125,21.25,25.9375,30.208333333333332,30.552083333333332,35.458333333333336,31.875
20210423,23.125,24.25,20.541666666666668,19.083333333333332,23.020833333333332,26.583333333333332,28.5625,31.083333333333332,24.291666666666668,19.791666666666668,17.833333333333332,18.375,25.708333333333332,21.708333333333332,30.270833333333332,25.520833333333332
20210424,23.645833333333332,23.375,20.291666666666668,19.875,20.5,21.6875,18.25,17.395833333333332,16.9375,16.9375,18.5,19.520833333333332,24.291666666666668,23.5,18.791666666666668,21.958333333333332
20210425,44.729166666666664,44.666666666666664,44.958333333333336,39.708333333333336,40.895833333333336,43.583333333333336,34.208333333333336,35.9375,31.416666666666668,28.458333333333332,21.895833333333332,34.479166666666664,49.25,48.739583333333336,41.354166666666664,42.354166666666664
20210426,37.125,38.875,41.5625,41.1875,39.125,41.708333333333336,44.125,47.666666666666664,45.5625,41.5625,43.0625,43.25,36.291666666666664,37.59375,50.041666666666664,44.083333333333336
20210427,19.6875,24.270833333333332,28.104166666666668,26.8125,23.020833333333332,23.854166666666668,29.569444444444443,22.979166666666668,35.166666666666664,32.916666666666664,39.625,40.354166666666664,38.520833333333336,26.895833333333332,28.916666666666668,26.3125
20210428,13.708333333333334,15.9375,12.625,16.729166666666668,15.104166666666666,13.020833333333334,9.01388888888889,15.395833333333334,11.25,10.4375,9.166666666666666,12.229166666666666,17.6875,14.375,14.895833333333334,15.020833333333334
20210429,17.104166666666668,16.25,18.020833333333332,18.583333333333332,16.833333333333332,15.145833333333334,13.5,16.208333333333332,9.604166666666666,10.1875,11.583333333333334,14.645833333333334,23.583333333333332,20.447916666666668,15.5625,20.583333333333332
20210430,13.729166666666666,14.229166666666666,16.291666666666668,11.770833333333334,13.875,14.020833333333334,9.541666666666666,8.5,8.833333333333334,10.229166666666666,11.75,11.416666666666666,16.166666666666668,16.302083333333332,9.333333333333334,14.291666666666666
20210501,12.020833333333334,10.8125,12.145833333333334,10.125,8.166666666666666,8.416666666666666,6.486111111111111,7.0,7.583333333333333,8.125,9.604166666666666,11.583333333333334,15.208333333333334,15.375,6.458333333333333,8.604166666666666
20210502,12.583333333333334,13.25,12.395833333333334,12.916666666666666,13.8125,14.9375,13.694444444444445,12.083333333333334,11.6875,12.166666666666666,9.458333333333334,13.979166666666666,15.083333333333334,16.26388888888889,20.645833333333332,13.895833333333334
20210503,32.854166666666664,34.416666666666664,33.541666666666664,32.458333333333336,33.666666666666664,35.979166666666664,34.416666666666664,32.625,38.9375,38.583333333333336,33.583333333333336,44.229166666666664,38.104166666666664,32.302083333333336,36.5,36.625
20210504,14.375,13.354166666666666,12.979166666666666,10.5,11.604166666666666,10.854166666666666,11.277777777777779,9.895833333333334,11.8125,18.895833333333332,16.1875,13.375,15.416666666666666,21.625,14.625,11.708333333333334
20210505,22.979166666666668,25.416666666666668,23.666666666666668,24.375,28.4375,22.979166666666668,24.666666666666668,20.791666666666668,28.083333333333332,37.645833333333336,29.833333333333332,27.583333333333332,28.4375,24.23611111111111,26.791666666666668,27.333333333333332
20210506,79.6875,71.58333333333333,76.02083333333333,77.29166666666667,67.72916666666667,72.77083333333333,90.94444444444444,89.04166666666667,88.70833333333333,74.91666666666667,74.95833333333333,98.5625,91.0,78.72569444444444,118.45833333333333,76.4375
20210507,54.916666666666664,42.8125,56.1875,56.229166666666664,39.708333333333336,45.541666666666664,67.18055555555556,46.416666666666664,126.26041666666667,180.77083333333334,188.91666666666666,111.95833333333333,98.58333333333333,57.68402777777778,46.541666666666664,55.208333333333336
20210510,19.666666666666668,20.833333333333332,22.541666666666668,22.020833333333332,24.875,20.208333333333332,18.166666666666668,18.375,20.625,19.145833333333332,22.666666666666668,20.875,29.083333333333332,18.40625,22.958333333333332,20.0625
20210511,24.708333333333332,25.229166666666668,24.166666666666668,19.520833333333332,24.895833333333332,24.416666666666668,20.84722222222222,22.75,20.833333333333332,23.666666666666668,20.5,20.291666666666668,28.354166666666668,24.71875,28.25,22.854166666666668
20210512,14.229166666666666,19.1875,15.8125,13.458333333333334,14.125,13.5,11.333333333333334,14.916666666666666,9.666666666666666,8.708333333333334,14.104166666666666,8.979166666666666,14.895833333333334,18.75,17.458333333333332,17.083333333333332
20210513,48.541666666666664,45.375,50.645833333333336,34.583333333333336,42.9375,45.916666666666664,31.17361111111111,27.916666666666668,28.354166666666668,28.583333333333332,60.833333333333336,43.083333333333336,60.583333333333336,46.5,46.416666666666664,46.479166666666664
20210514,40.5625,37.104166666666664,39.4375,35.395833333333336,38.291666666666664,41.333333333333336,40.81944444444444,42.291666666666664,40.625,49.1875,40.5,36.979166666666664,41.333333333333336,44.25,45.645833333333336,41.645833333333336
20210515,14.479166666666666,13.0625,13.916666666666666,11.5625,12.25,11.791666666666666,12.111111111111112,7.708333333333333,12.354166666666666,12.083333333333334,13.270833333333334,13.291666666666666,13.770833333333334,19.447916666666668,12.833333333333334,10.291666666666666
20210516,3.1666666666666665,3.3125,3.4166666666666665,3.6875,3.6875,2.9791666666666665,2.972222222222222,5.166666666666667,2.7708333333333335,4.395833333333333,2.9375,2.9583333333333335,3.6875,4.364583333333333,2.5416666666666665,2.7291666666666665
20210517,13.1875,13.3125,13.604166666666666,11.979166666666666,13.416666666666666,12.3125,9.3125,9.854166666666666,8.375,10.270833333333334,9.729166666666666,10.958333333333334,14.0625,14.041666666666666,10.291666666666666,11.5
20210526,17.104166666666668,16.020833333333332,16.645833333333332,13.729166666666666,16.5625,16.479166666666668,16.118055555555554,16.625,15.666666666666666,12.375,14.4375,14.666666666666666,18.625,16.697916666666668,17.520833333333332,18.25
20210527,14.434782608695652,13.717391304347826,13.673913043478262,9.978260869565217,13.521739130434783,11.869565217391305,6.731884057971015,7.413043478260869,6.717391304347826,6.021739130434782,9.978260869565217,9.173913043478262,16.456521739130434,16.23913043478261,10.282608695652174,12.173913043478262
20210528,4.541666666666667,3.3958333333333335,3.5208333333333335,3.7916666666666665,4.583333333333333,3.9791666666666665,3.6666666666666665,3.3333333333333335,1.9375,1.8541666666666667,2.3541666666666665,1.9791666666666667,3.2083333333333335,3.013888888888889,6.083333333333333,4.291666666666667
20210529,9.958333333333334,10.104166666666666,8.9375,8.6875,9.9375,9.666666666666666,7.291666666666667,5.9375,6.416666666666667,5.875,7.416666666666667,7.166666666666667,8.541666666666666,10.704861111111112,11.125,8.375
20210601,15.5,16.666666666666668,14.541666666666666,14.5625,16.020833333333332,16.791666666666668,12.972222222222221,14.354166666666666,10.125,12.229166666666666,15.145833333333334,11.729166666666666,16.729166666666668,24.010416666666668,16.729166666666668,17.083333333333332
20210602,18.833333333333332,17.36111111111111,18.38888888888889,10.13888888888889,12.222222222222221,12.36111111111111,11.314814814814815,11.25,15.416666666666666,25.194444444444443,25.75,20.72222222222222,30.88888888888889,31.310185185185187,12.055555555555555,13.222222222222221
20210603,3.1458333333333335,3.7708333333333335,3.3958333333333335,3.4791666666666665,3.1041666666666665,2.9583333333333335,3.1875,2.6041666666666665,1.25,2.1875,1.6875,2.25,2.6458333333333335,4.0,4.395833333333333,2.7083333333333335
20210604,7.458333333333333,6.645833333333333,6.416666666666667,6.5,6.395833333333333,6.333333333333333,4.138888888888888,5.229166666666667,3.4166666666666665,5.6875,5.0625,6.5,7.4375,7.767361111111111,7.59375,5.4375
20210605,9.375,6.895833333333333,9.041666666666666,6.645833333333333,5.958333333333333,5.020833333333333,5.673611111111111,7.916666666666667,6.354166666666667,6.958333333333333,7.0,9.375,11.0,9.336805555555555,7.791666666666667,4.666666666666667
20210606,13.217391304347826,13.108695652173912,12.608695652173912,12.869565217391305,12.673913043478262,13.41304347826087,9.391304347826088,9.869565217391305,8.978260869565217,11.434782608695652,11.543478260869565,12.130434782608695,15.434782608695652,14.380434782608695,17.0,12.804347826086957
20210607,21.229166666666668,19.9375,21.291666666666668,18.041666666666668,21.375,20.333333333333332,19.069444444444446,17.3125,20.479166666666668,20.3125,20.354166666666668,20.3125,24.416666666666668,26.291666666666668,22.8125,23.8125
20210608,27.458333333333332,27.8125,28.625,25.791666666666668,28.854166666666668,26.916666666666668,24.055555555555557,18.208333333333332,27.5625,29.020833333333332,30.333333333333332,29.875,31.770833333333332,38.25,26.395833333333332,28.395833333333332
20210609,28.979166666666668,29.166666666666668,26.979166666666668,28.791666666666668,32.791666666666664,31.8125,23.840277777777775,18.6875,29.416666666666668,21.125,27.895833333333332,28.229166666666668,29.083333333333332,40.54513888888889,31.416666666666668,30.520833333333332
20210610,9.208333333333334,10.46875,9.375,10.833333333333334,8.1875,8.177083333333334,10.194444444444445,13.208333333333334,7.052083333333333,7.625,10.697916666666666,7.71875,8.4375,10.677083333333334,7.229166666666667,7.4375
20210611,15.895833333333334,16.0625,16.166666666666668,15.458333333333334,14.916666666666666,15.729166666666666,11.305555555555555,13.145833333333334,14.791666666666666,16.4375,16.5,16.104166666666668,17.708333333333332,18.479166666666668,12.458333333333334,12.666666666666666
20210612,33.958333333333336,29.958333333333332,34.604166666666664,29.041666666666668,29.041666666666668,30.166666666666668,26.430555555555557,20.354166666666668,30.833333333333332,32.145833333333336,32.833333333333336,35.395833333333336,40.0,37.8125,25.979166666666668,27.583333333333332
20210613,44.645833333333336,40.770833333333336,43.979166666666664,43.104166666666664,47.5,43.75,49.68055555555555,43.854166666666664,45.458333333333336,45.208333333333336,47.5625,41.083333333333336,44.25,58.46875,47.5,43.354166666666664
20210614,22.4375,19.479166666666668,22.666666666666668,20.3125,20.979166666666668,17.270833333333332,23.902777777777775,16.9375,22.416666666666668,18.8125,24.6875,26.0,26.833333333333332,33.28125,20.833333333333332,17.5625
20210615,21.75,23.270833333333332,22.541666666666668,23.583333333333332,21.291666666666668,23.479166666666668,25.402777777777775,12.770833333333334,24.041666666666668,28.729166666666668,27.6875,26.583333333333332,24.208333333333332,25.597222222222225,19.979166666666668,21.5625
20210616,18.895833333333332,18.6875,21.0,16.416666666666668,18.625,18.020833333333332,17.444444444444446,13.5,19.625,19.0,21.354166666666668,20.645833333333332,24.375,27.302083333333332,18.145833333333332,18.833333333333332
20210617,8.291666666666666,8.5625,7.9375,6.75,6.833333333333333,6.958333333333333,5.513888888888889,4.645833333333333,7.541666666666667,7.708333333333333,8.458333333333334,9.125,10.4375,10.45138888888889,4.104166666666667,5.6875
20210618,6.25,5.25,5.729166666666667,5.145833333333333,4.854166666666667,5.625,5.493055555555556,4.75,2.4166666666666665,5.9375,4.5,4.75,6.3125,7.0,4.604166666666667,4.0625
20210619,10.0,8.208333333333334,10.104166666666666,7.541666666666667,8.666666666666666,9.854166666666666,7.555555555555556,7.8125,5.0,7.0625,6.083333333333333,8.208333333333334,10.770833333333334,10.135416666666666,6.541666666666667,6.645833333333333
20210620,11.25,9.520833333333334,11.666666666666666,10.354166666666666,11.6875,9.666666666666666,8.875,10.229166666666666,8.770833333333334,8.645833333333334,8.104166666666666,9.354166666666666,12.6875,11.760416666666666,9.145833333333334,10.604166666666666
20210621,22.375,20.520833333333332,19.895833333333332,17.354166666666668,20.458333333333332,19.895833333333332,14.75,12.75,13.041666666666666,11.125,16.479166666666668,15.25,24.166666666666668,24.770833333333332,16.770833333333332,18.791666666666668
20210622,14.479166666666666,12.583333333333334,14.583333333333334,13.5625,16.0625,15.645833333333334,14.319444444444445,13.9375,15.4375,16.1875,16.416666666666668,16.520833333333332,15.4375,16.458333333333332,15.770833333333334,14.770833333333334
20210623,20.958333333333332,18.354166666666668,19.604166666666668,14.395833333333334,17.833333333333332,16.375,17.833333333333332,17.520833333333332,18.916666666666668,17.166666666666668,16.875,19.291666666666668,22.375,23.131944444444443,16.583333333333332,15.541666666666666
20210624,23.8125,21.020833333333332,23.520833333333332,19.041666666666668,20.145833333333332,21.375,21.25,18.833333333333332,25.520833333333332,29.354166666666668,27.270833333333332,26.875,29.916666666666668,31.635416666666668,21.145833333333332,19.791666666666668
20210625,36.4375,34.208333333333336,33.1875,29.395833333333332,36.166666666666664,31.520833333333332,28.847222222222225,23.145833333333332,27.083333333333332,23.958333333333332,27.479166666666668,29.895833333333332,35.625,55.107638888888886,33.041666666666664,35.1875
20210626,20.0,22.416666666666668,21.208333333333332,19.166666666666668,23.916666666666668,20.770833333333332,17.666666666666668,20.708333333333332,17.625,18.4375,18.229166666666668,15.5,18.770833333333332,27.350694444444443,21.375,24.375
20210627,27.4375,27.291666666666668,23.666666666666668,30.708333333333332,30.104166666666668,28.4375,22.63888888888889,19.0,19.666666666666668,21.791666666666668,22.1875,25.1875,26.270833333333332,33.81597222222222,30.291666666666668,32.020833333333336
20210628,32.041666666666664,31.208333333333332,31.708333333333332,35.625,38.1875,38.104166666666664,32.43055555555555,27.6875,29.541666666666668,28.583333333333332,27.520833333333332,30.125,26.875,41.37847222222222,40.229166666666664,38.5625
20210629,26.708333333333332,26.208333333333332,26.291666666666668,27.645833333333332,28.479166666666668,28.666666666666668,27.305555555555557,29.666666666666668,26.520833333333332,23.916666666666668,23.0625,25.625,25.604166666666668,32.24305555555556,29.270833333333332,26.291666666666668
20210630,16.395833333333332,14.833333333333334,15.541666666666666,15.625,16.854166666666668,16.166666666666668,11.875,8.583333333333334,9.0,8.104166666666666,13.479166666666666,12.729166666666666,17.770833333333332,24.444444444444443,16.75,17.416666666666668
20210701,12.729166666666666,12.354166666666666,12.1875,10.979166666666666,11.854166666666666,12.3125,11.694444444444445,9.979166666666666,12.166666666666666,10.520833333333334,15.208333333333334,13.229166666666666,14.645833333333334,16.40277777777778,12.458333333333334,11.375
20210702,11.104166666666666,10.604166666666666,10.041666666666666,13.166666666666666,11.958333333333334,12.0,9.57638888888889,10.520833333333334,8.645833333333334,7.604166666666667,7.229166666666667,8.625,8.854166666666666,13.416666666666666,12.479166666666666,12.041666666666666
20210703,8.0,7.25,8.5625,7.416666666666667,6.854166666666667,6.104166666666667,6.875,6.166666666666667,9.0,7.875,13.208333333333334,11.145833333333334,10.770833333333334,11.46875,5.708333333333333,6.354166666666667
20210704,9.604166666666666,8.916666666666666,9.354166666666666,8.708333333333334,8.770833333333334,10.0,8.027777777777777,7.75,10.166666666666666,11.166666666666666,13.125,9.854166666666666,12.4375,13.885416666666666,6.895833333333333,10.791666666666666
20210705,13.270833333333334,13.645833333333334,12.520833333333334,11.708333333333334,16.6875,12.229166666666666,7.930555555555556,5.833333333333333,4.375,4.333333333333333,6.395833333333333,7.020833333333333,12.645833333333334,18.28125,12.916666666666666,15.479166666666666
20210706,13.395833333333334,13.541666666666666,12.791666666666666,12.229166666666666,11.354166666666666,10.6875,11.923611111111112,11.041666666666666,11.229166666666666,9.875,11.833333333333334,12.145833333333334,13.854166666666666,14.760416666666666,10.083333333333334,9.145833333333334
20210707,25.5625,25.416666666666668,24.666666666666668,24.354166666666668,22.5,20.770833333333332,18.45138888888889,12.666666666666666,19.229166666666668,16.9375,23.9375,22.625,28.083333333333332,33.666666666666664,17.979166666666668,19.1875
20210710,27.541666666666668,28.5,29.104166666666668,28.895833333333332,33.0625,31.083333333333332,33.77777777777778,33.854166666666664,33.916666666666664,36.5625,32.5625,28.833333333333332,26.666666666666668,31.197916666666668,31.6875,31.395833333333332
20210711,23.875,24.583333333333332,24.166666666666668,28.604166666666668,25.833333333333332,27.916666666666668,27.916666666666668,31.520833333333332,26.104166666666668,30.3125,28.375,24.020833333333332,21.791666666666668,22.21875,31.0625,24.104166666666668
20210712,5.083333333333333,4.645833333333333,4.6875,4.145833333333333,4.791666666666667,3.2708333333333335,3.097222222222222,2.4375,4.104166666666667,3.0833333333333335,10.0625,5.541666666666667,7.020833333333333,7.875,2.0416666666666665,4.416666666666667
20210713,10.25,9.604166666666666,11.395833333333334,8.145833333333334,8.666666666666666,9.625,6.263888888888889,4.958333333333333,5.1875,6.166666666666667,9.875,7.270833333333333,12.520833333333334,12.760416666666666,7.5625,10.0
20210714,18.6875,20.020833333333332,19.083333333333332,20.270833333333332,17.583333333333332,19.1875,22.305555555555557,15.583333333333334,22.0,20.0,23.833333333333332,24.9375,21.354166666666668,21.336805555555557,19.791666666666668,17.479166666666668
20210715,23.145833333333332,25.916666666666668,24.291666666666668,25.5,24.8125,24.708333333333332,28.0625,26.041666666666668,27.625,30.604166666666668,38.145833333333336,28.1875,25.1875,28.354166666666668,25.416666666666668,23.166666666666668
20210716,17.1875,18.208333333333332,16.604166666666668,17.875,19.375,19.270833333333332,18.333333333333332,16.104166666666668,16.520833333333332,18.0,16.458333333333332,16.645833333333332,19.416666666666668,22.864583333333332,19.9375,18.208333333333332
20210717,13.979166666666666,13.666666666666666,13.666666666666666,13.520833333333334,13.625,13.333333333333334,12.583333333333334,8.604166666666666,10.979166666666666,9.145833333333334,12.958333333333334,13.3125,14.9375,15.625,13.25,12.729166666666666
20210718,18.958333333333332,16.1875,20.5625,10.208333333333334,10.416666666666666,10.25,13.041666666666666,8.125,18.479166666666668,17.520833333333332,22.520833333333332,25.3125,23.5625,19.927083333333332,7.9375,8.104166666666666
20210719,15.5625,15.520833333333334,15.145833333333334,15.833333333333334,15.9375,15.354166666666666,17.083333333333332,15.145833333333334,17.166666666666668,20.833333333333332,22.75,17.5625,19.229166666666668,19.854166666666668,18.166666666666668,15.5625
20210724,26.25,24.4375,28.625,25.395833333333332,26.020833333333332,25.395833333333332,24.722222222222225,19.604166666666668,26.0,28.125,29.75,31.291666666666668,29.6875,30.274305555555557,24.25,24.083333333333332
20210725,26.583333333333332,27.729166666666668,29.291666666666668,32.0,30.854166666666668,31.395833333333332,31.069444444444443,28.3125,33.895833333333336,29.083333333333332,34.083333333333336,36.625,35.25,37.979166666666664,31.5,28.375
20210728,12.5,12.6875,12.395833333333334,9.125,11.0625,9.5,10.194444444444445,8.375,10.854166666666666,13.166666666666666,12.875,13.041666666666666,14.708333333333334,12.53125,9.75,9.895833333333334
20210729,11.979166666666666,10.333333333333334,10.6875,8.375,8.354166666666666,8.708333333333334,8.381944444444445,9.958333333333334,9.166666666666666,11.375,9.354166666666666,11.229166666666666,11.354166666666666,12.572916666666666,6.791666666666667,7.083333333333333
20210730,6.9375,6.208333333333333,6.3125,6.708333333333333,6.416666666666667,7.0625,7.090277777777778,8.729166666666666,6.083333333333333,5.875,6.8125,5.791666666666667,5.8125,6.875,6.645833333333333,5.958333333333333
20210731,18.25,18.354166666666668,17.375,12.25,17.666666666666668,15.416666666666666,10.51388888888889,8.625,8.583333333333334,9.020833333333334,13.1875,14.854166666666666,24.5625,23.177083333333332,11.8125,17.104166666666668
20210801,4.5,5.020833333333333,5.125,4.895833333333333,6.458333333333333,5.75,3.625,3.2916666666666665,6.458333333333333,6.291666666666667,9.666666666666666,7.645833333333333,8.020833333333334,7.354166666666667,6.041666666666667,6.25
20210802,4.0,4.1875,4.083333333333333,4.083333333333333,5.416666666666667,4.395833333333333,3.861111111111111,4.958333333333333,3.2291666666666665,4.416666666666667,5.958333333333333,4.604166666666667,4.375,5.260416666666667,4.375,4.645833333333333
20210803,14.4375,14.708333333333334,15.125,16.916666666666668,17.416666666666668,14.104166666666666,16.694444444444446,14.75,16.625,15.1875,16.916666666666668,13.833333333333334,16.354166666666668,17.84375,17.625,18.1875
20210804,31.354166666666668,30.145833333333332,30.666666666666668,29.75,31.145833333333332,25.75,30.180555555555557,23.333333333333332,29.4375,23.5625,22.4375,30.5,33.0,37.260416666666664,31.770833333333332,28.0625
20210805,25.916666666666668,28.104166666666668,25.6875,25.395833333333332,31.4375,28.458333333333332,22.715277777777775,23.1875,15.229166666666666,13.395833333333334,19.270833333333332,18.125,24.145833333333332,32.68055555555556,28.604166666666668,28.979166666666668
20210806,24.166666666666668,24.854166666666668,27.395833333333332,26.145833333333332,26.270833333333332,26.604166666666668,24.916666666666668,26.8125,15.958333333333334,16.041666666666668,17.791666666666668,18.479166666666668,21.041666666666668,22.756944444444443,28.333333333333332,26.3125
20210807,39.375,38.395833333333336,45.8125,42.145833333333336,44.354166666666664,44.0625,41.041666666666664,44.458333333333336,36.4375,35.895833333333336,37.0625,37.0,39.291666666666664,40.270833333333336,48.833333333333336,42.854166666666664
20210808,38.416666666666664,40.041666666666664,42.041666666666664,38.5625,40.020833333333336,37.479166666666664,44.18055555555555,40.583333333333336,42.333333333333336,41.708333333333336,44.229166666666664,40.041666666666664,43.375,42.40625,39.041666666666664,35.166666666666664
20210809,14.916666666666666,15.0,14.125,15.0625,17.166666666666668,15.083333333333334,16.25,15.5,10.541666666666666,12.583333333333334,14.4375,12.1875,14.708333333333334,16.989583333333332,17.0625,18.6875
20210810,14.416666666666666,14.6875,14.020833333333334,12.645833333333334,14.1875,13.979166666666666,13.041666666666666,14.895833333333334,12.020833333333334,11.125,14.875,12.75,14.166666666666666,14.53125,15.479166666666666,16.0
20210811,31.0,31.4375,31.4375,31.208333333333332,32.833333333333336,33.770833333333336,33.375,35.9375,25.125,21.729166666666668,25.104166666666668,26.125,29.083333333333332,33.125,33.104166666666664,31.145833333333332
20210812,27.227272727272727,25.477272727272727,26.15909090909091,27.5,26.75,29.363636363636363,24.704545454545453,29.59090909090909,24.34090909090909,23.022727272727273,22.386363636363637,23.636363636363637,23.954545454545453,27.397727272727273,32.86363636363637,26.795454545454547
20210813,21.083333333333332,18.520833333333332,19.729166666666668,19.354166666666668,20.770833333333332,20.604166666666668,24.604166666666668,26.666666666666668,22.729166666666668,22.395833333333332,23.1875,23.458333333333332,23.770833333333332,22.34375,23.145833333333332,22.354166666666668
20210814,22.458333333333332,22.375,22.4375,21.25,21.875,21.979166666666668,21.305555555555554,22.854166666666668,19.041666666666668,21.6875,24.270833333333332,22.354166666666668,25.0625,26.854166666666668,23.6875,25.583333333333332
20210815,21.666666666666668,21.8125,20.3125,20.520833333333332,23.1875,21.645833333333332,17.208333333333332,21.645833333333332,15.666666666666666,14.229166666666666,14.354166666666666,13.833333333333334,20.729166666666668,21.708333333333332,23.1875,24.958333333333332
20210816,23.770833333333332,24.958333333333332,23.541666666666668,22.416666666666668,24.041666666666668,25.9375,21.194444444444446,23.291666666666668,17.541666666666668,18.1875,18.979166666666668,22.104166666666668,26.041666666666668,27.54513888888889,21.75,25.375
20210817,9.6875,10.229166666666666,9.104166666666666,8.708333333333334,10.25,10.0625,8.625,7.520833333333333,7.354166666666667,9.25,11.229166666666666,9.166666666666666,9.479166666666666,10.552083333333334,8.3125,9.75
20210818,15.854166666666666,16.0625,15.833333333333334,13.6875,15.458333333333334,14.604166666666666,12.763888888888888,12.854166666666666,11.916666666666666,13.708333333333334,15.166666666666666,15.25,19.0,17.979166666666668,14.354166666666666,14.75
20210819,15.645833333333334,15.416666666666666,15.375,14.354166666666666,13.833333333333334,13.541666666666666,13.277777777777779,10.083333333333334,14.229166666666666,14.208333333333334,15.520833333333334,14.375,15.958333333333334,15.020833333333334,14.1875,13.9375
20210820,7.708333333333333,9.0625,8.395833333333334,9.458333333333334,10.791666666666666,10.208333333333334,8.319444444444445,8.854166666666666,5.541666666666667,5.75,6.354166666666667,6.0,8.270833333333334,10.416666666666666,10.104166666666666,10.125
20210821,9.125,12.0,11.270833333333334,12.895833333333334,14.75,14.75,8.472222222222223,7.479166666666667,8.270833333333334,6.083333333333333,9.270833333333334,9.333333333333334,11.0625,12.677083333333334,12.770833333333334,14.020833333333334
20210822,34.270833333333336,35.833333333333336,34.541666666666664,34.270833333333336,37.604166666666664,34.5,30.694444444444443,26.125,31.854166666666668,27.541666666666668,28.625,34.333333333333336,37.479166666666664,39.6875,36.145833333333336,36.6875
20210823,24.270833333333332,25.458333333333332,25.6875,26.770833333333332,21.520833333333332,25.916666666666668,28.5,28.625,23.9375,21.833333333333332,29.4375,28.25,27.479166666666668,28.052083333333332,31.5,25.166666666666668
20210824,9.5625,9.645833333333334,8.291666666666666,7.729166666666667,9.354166666666666,10.729166666666666,6.847222222222222,7.625,5.520833333333333,6.520833333333333,8.8125,7.625,9.6875,9.930555555555555,8.9375,12.416666666666666
20210825,5.3125,5.791666666666667,5.229166666666667,4.604166666666667,5.5625,6.166666666666667,4.715277777777778,5.708333333333333,4.020833333333333,4.8125,5.416666666666667,5.333333333333333,6.291666666666667,6.361111111111111,6.479166666666667,7.145833333333333
20210826,5.375,5.083333333333333,4.958333333333333,3.5625,4.479166666666667,4.541666666666667,3.826388888888889,3.7291666666666665,3.4375,5.020833333333333,4.625,4.958333333333333,5.104166666666667,4.809027777777778,7.333333333333333,4.333333333333333
20210827,9.729166666666666,8.625,7.708333333333333,8.020833333333334,9.895833333333334,8.375,7.930555555555556,7.875,5.125,4.854166666666667,5.6875,5.833333333333333,7.958333333333333,9.399305555555555,6.0625,9.479166666666666
20210828,9.979166666666666,10.333333333333334,8.958333333333334,9.104166666666666,10.6875,8.229166666666666,7.25,10.770833333333334,7.104166666666667,5.729166666666667,8.75,7.604166666666667,11.375,11.9375,8.229166666666666,10.3125
20210829,17.354166666666668,17.208333333333332,16.083333333333332,18.0,21.604166666666668,20.229166666666668,16.63888888888889,14.020833333333334,12.270833333333334,13.104166666666666,17.333333333333332,14.625,18.354166666666668,20.822916666666668,21.854166666666668,21.583333333333332
20210830,23.479166666666668,25.1875,26.166666666666668,27.479166666666668,27.541666666666668,30.145833333333332,27.319444444444443,26.270833333333332,26.604166666666668,24.458333333333332,23.9375,24.645833333333332,26.416666666666668,26.416666666666668,26.0625,23.958333333333332
20210831,19.6875,21.0625,22.0625,21.916666666666668,22.9375,21.416666666666668,25.125,21.541666666666668,30.0625,28.145833333333332,26.375,27.9375,17.1875,21.6875,20.5,19.0
20210902,20.0,22.020833333333332,20.208333333333332,20.5,21.833333333333332,20.520833333333332,21.09027777777778,19.395833333333332,25.479166666666668,19.3125,19.604166666666668,21.0625,20.9375,20.875,19.958333333333332,19.208333333333332
20210903,28.854166666666668,31.1875,29.229166666666668,27.916666666666668,33.708333333333336,28.104166666666668,21.756944444444443,22.583333333333332,24.875,21.916666666666668,31.625,27.25,32.145833333333336,34.71875,22.916666666666668,26.666666666666668
20210908,21.458333333333332,21.541666666666668,21.5,19.25,22.770833333333332,20.8125,20.88888888888889,16.833333333333332,16.8125,13.104166666666666,13.916666666666666,16.5625,20.104166666666668,23.65625,20.770833333333332,19.833333333333332
20210909,32.958333333333336,30.895833333333332,32.291666666666664,33.041666666666664,34.979166666666664,34.645833333333336,35.36111111111111,30.833333333333332,37.583333333333336,24.166666666666668,26.625,30.041666666666668,29.666666666666668,31.1875,33.104166666666664,33.083333333333336
20210916,17.479166666666668,17.875,16.854166666666668,14.458333333333334,18.291666666666668,16.854166666666668,13.5,11.979166666666666,12.270833333333334,13.020833333333334,14.145833333333334,14.1875,17.958333333333332,19.5,12.958333333333334,16.395833333333332
20210917,9.354166666666666,10.083333333333334,10.354166666666666,9.0,10.3125,12.333333333333334,5.520833333333333,6.75,4.1875,5.208333333333333,9.1875,7.770833333333333,10.0,10.708333333333334,8.458333333333334,10.458333333333334
20210918,20.229166666666668,22.604166666666668,20.645833333333332,18.395833333333332,23.979166666666668,20.270833333333332,15.347222222222221,14.958333333333334,11.770833333333334,12.729166666666666,16.979166666666668,14.791666666666666,23.958333333333332,25.40625,18.875,24.041666666666668
20210919,19.5625,19.6875,20.354166666666668,20.541666666666668,20.020833333333332,18.333333333333332,22.375,18.708333333333332,21.5625,20.604166666666668,20.770833333333332,22.041666666666668,21.333333333333332,23.104166666666668,18.083333333333332,19.3125
20210920,5.583333333333333,5.916666666666667,4.8125,4.520833333333333,4.8125,5.375,3.6944444444444446,5.229166666666667,3.8125,3.5625,3.8541666666666665,4.479166666666667,4.791666666666667,5.416666666666667,3.9375,3.8541666666666665
20210921,5.645833333333333,6.416666666666667,4.770833333333333,3.875,4.1875,5.0625,3.888888888888889,5.979166666666667,1.5,2.9791666666666665,2.4791666666666665,3.3541666666666665,5.333333333333333,5.84375,4.125,5.979166666666667
20210922,8.854166666666666,9.75,9.104166666666666,7.895833333333333,9.75,9.458333333333334,7.194444444444444,8.479166666666666,5.645833333333333,8.041666666666666,6.916666666666667,8.458333333333334,9.041666666666666,9.552083333333334,7.666666666666667,9.5625
20210923,23.1875,22.354166666666668,21.291666666666668,20.125,25.354166666666668,20.708333333333332,19.11111111111111,19.041666666666668,17.854166666666668,17.083333333333332,17.666666666666668,17.416666666666668,23.729166666666668,23.71875,20.375,24.541666666666668
20210924,16.625,15.729166666666666,15.145833333333334,13.604166666666666,16.6875,12.375,11.875,9.75,13.166666666666666,16.270833333333332,16.416666666666668,11.958333333333334,17.270833333333332,22.625,13.520833333333334,17.145833333333332
20210925,13.229166666666666,13.5625,13.520833333333334,12.270833333333334,11.895833333333334,12.916666666666666,12.013888888888888,11.541666666666666,14.4375,11.8125,16.520833333333332,12.5625,14.125,15.90625,10.729166666666666,10.666666666666666
20210926,14.208333333333334,13.395833333333334,14.458333333333334,10.9375,13.354166666666666,11.5,8.694444444444445,8.104166666666666,10.291666666666666,12.604166666666666,14.604166666666666,14.0625,15.9375,16.59027777777778,8.104166666666666,8.8125
20210927,11.145833333333334,13.0,12.979166666666666,13.145833333333334,12.9375,14.625,10.916666666666666,11.9375,8.479166666666666,8.916666666666666,9.583333333333334,9.104166666666666,8.854166666666666,18.677083333333332,10.208333333333334,10.583333333333334
20210930,29.875,33.541666666666664,30.208333333333332,28.25,36.0625,30.125,28.680555555555557,30.479166666666668,27.708333333333332,23.0625,25.416666666666668,27.125,27.354166666666668,35.322916666666664,33.083333333333336,33.375
20211001,11.0,12.229166666666666,11.770833333333334,10.041666666666666,11.083333333333334,12.291666666666666,7.027777777777778,5.083333333333333,6.020833333333333,6.229166666666667,12.5,10.4375,14.916666666666666,19.989583333333332,11.5625,11.958333333333334
20211002,29.3125,33.020833333333336,27.979166666666668,25.083333333333332,35.291666666666664,28.666666666666668,25.76388888888889,23.5625,21.041666666666668,18.9375,18.520833333333332,21.625,27.729166666666668,48.052083333333336,29.458333333333332,35.041666666666664
20211003,30.0625,29.770833333333332,29.145833333333332,27.1875,30.604166666666668,27.020833333333332,26.916666666666668,29.6875,26.583333333333332,23.625,30.479166666666668,29.833333333333332,30.354166666666668,35.479166666666664,27.770833333333332,29.208333333333332
20211008,18.5,17.104166666666668,18.9375,14.125,16.229166666666668,16.229166666666668,12.409722222222221,12.666666666666666,11.375,13.104166666666666,11.708333333333334,13.708333333333334,21.145833333333332,19.177083333333332,14.770833333333334,15.9375
20211009,20.833333333333332,20.3125,23.333333333333332,18.520833333333332,22.333333333333332,19.4375,23.166666666666668,22.083333333333332,22.854166666666668,24.5,18.854166666666668,20.958333333333332,20.458333333333332,20.510416666666668,23.125,25.666666666666668
20211015,9.375,8.708333333333334,8.145833333333334,7.75,7.875,8.875,5.458333333333333,8.833333333333334,5.395833333333333,4.541666666666667,5.458333333333333,6.479166666666667,9.083333333333334,10.4375,6.0625,6.229166666666667
20211016,4.354166666666667,4.833333333333333,3.625,3.7083333333333335,3.1666666666666665,4.541666666666667,2.986111111111111,3.3958333333333335,2.8958333333333335,4.520833333333333,3.9583333333333335,2.6458333333333335,3.7291666666666665,3.767361111111111,3.8541666666666665,3.1666666666666665
20211017,17.708333333333332,18.270833333333332,16.583333333333332,16.270833333333332,17.708333333333332,15.916666666666666,9.430555555555555,10.645833333333334,7.1875,10.125,10.375,14.458333333333334,18.6875,20.46875,10.458333333333334,14.916666666666666
20211018,44.5,44.166666666666664,41.625,35.145833333333336,41.395833333333336,36.479166666666664,27.208333333333332,17.541666666666668,21.875,23.9375,38.541666666666664,33.604166666666664,44.958333333333336,48.166666666666664,28.520833333333332,36.916666666666664
20211019,5.625,6.166666666666667,4.9375,5.354166666666667,6.291666666666667,6.354166666666667,4.319444444444445,6.041666666666667,4.125,6.145833333333333,5.75,4.5,4.791666666666667,5.583333333333333,5.5,6.041666666666667
20211020,26.1875,26.4375,27.0,21.333333333333332,21.354166666666668,23.104166666666668,15.458333333333334,17.541666666666668,13.4375,16.916666666666668,23.104166666666668,21.770833333333332,27.979166666666668,28.260416666666668,20.645833333333332,24.6875
20211021,17.0625,17.104166666666668,17.208333333333332,13.6875,14.458333333333334,12.916666666666666,9.0,13.520833333333334,12.958333333333334,16.770833333333332,19.1875,13.5,21.958333333333332,17.239583333333332,9.291666666666666,16.020833333333332
20211022,9.416666666666666,9.229166666666666,7.958333333333333,9.895833333333334,9.145833333333334,9.0625,7.465277777777778,10.979166666666666,6.4375,9.208333333333334,7.354166666666667,7.104166666666667,8.416666666666666,8.621527777777777,9.291666666666666,7.9375
20211023,32.354166666666664,31.75,31.5625,26.083333333333332,28.020833333333332,27.5625,23.347222222222225,25.354166666666668,24.375,27.479166666666668,29.5625,31.583333333333332,38.770833333333336,36.645833333333336,23.458333333333332,26.395833333333332
20211024,78.6086956521739,76.95652173913044,77.95652173913044,60.93478260869565,64.3695652173913,67.93478260869566,49.11594202898551,47.21739130434783,52.65217391304348,59.880434782608695,70.19565217391305,66.91304347826087,81.26086956521739,78.80434782608695,57.0,58.30434782608695
20211025,130.10416666666666,127.5,134.16666666666666,102.35416666666667,109.85416666666667,114.27083333333333,99.34722222222223,72.3125,105.45833333333333,123.52083333333333,142.41666666666666,119.85416666666667,147.55208333333334,135.69791666666666,99.625,102.14583333333333
20211026,61.4375,61.9375,62.1875,43.229166666666664,55.770833333333336,58.229166666666664,32.50694444444444,31.25,62.9375,71.29166666666667,80.8125,71.97916666666667,88.52083333333333,62.322916666666664,40.5625,44.916666666666664
20211027,6.541666666666667,8.0625,6.083333333333333,6.5625,6.833333333333333,6.854166666666667,4.736111111111112,10.979166666666666,5.020833333333333,8.041666666666666,7.625,6.145833333333333,6.25,7.111111111111111,6.208333333333333,6.979166666666667
20211029,73.70833333333333,70.89583333333333,73.0625,61.4375,68.10416666666667,65.125,60.138888888888886,42.9375,55.125,63.8125,77.95833333333333,67.02083333333333,86.0625,83.51041666666667,59.5625,62.75
20211030,111.58333333333333,114.58333333333333,110.125,90.72916666666667,104.125,99.1875,59.638888888888886,48.166666666666664,83.14583333333333,102.08333333333333,107.95833333333333,85.70833333333333,122.9375,109.80208333333333,87.95833333333333,98.35416666666667
20211031,21.645833333333332,23.0,21.020833333333332,18.541666666666668,20.770833333333332,19.9375,13.541666666666666,9.083333333333334,13.291666666666666,24.375,39.083333333333336,19.666666666666668,24.520833333333332,34.083333333333336,17.354166666666668,18.75
20211101,60.666666666666664,65.29166666666667,63.0,65.5,73.41666666666667,72.85416666666667,53.90277777777778,44.125,45.583333333333336,37.3125,41.083333333333336,48.625,51.375,55.552083333333336,59.25,74.29166666666667
20211102,65.60416666666667,69.29166666666667,70.85416666666667,67.8125,72.02083333333333,70.72916666666667,72.72222222222221,76.64583333333333,62.4375,64.10416666666667,48.770833333333336,54.104166666666664,57.604166666666664,59.3125,77.64583333333333,76.39583333333333
20211103,96.275,97.675,101.175,87.025,95.525,98.625,82.91666666666666,64.45,85.25,86.375,77.625,82.375,100.1,91.4125,98.025,103.9
20211104,132.5,129.02173913043478,143.67391304347825,125.08695652173913,115.0,121.0,125.23188405797102,57.369565217391305,143.7391304347826,142.17391304347825,138.56521739130434,151.56521739130434,151.6086956521739,115.6413043478261,107.56521739130434,118.41304347826087
20211105,145.3125,147.64583333333334,156.33333333333334,132.70833333333334,134.0,135.5,150.9722222222222,100.75,153.08333333333334,144.8125,133.91666666666666,175.08333333333334,175.39583333333334,160.57291666666666,131.45833333333334,136.85416666666666
20211106,83.70833333333333,77.91666666666667,90.35416666666667,58.6875,85.60416666666667,94.4375,91.25,63.166666666666664,93.1875,85.0,89.72916666666667,69.52083333333333,107.27083333333333,96.375,95.35416666666667,112.47916666666667
20211107,3.3333333333333335,3.7916666666666665,3.8333333333333335,4.0625,2.7291666666666665,3.2708333333333335,3.736111111111111,3.6666666666666665,2.2708333333333335,2.4166666666666665,2.5833333333333335,2.75,3.1458333333333335,3.6145833333333335,2.7291666666666665,2.4166666666666665
20211108,3.9166666666666665,4.291666666666667,4.083333333333333,3.75,3.1458333333333335,3.5,4.333333333333333,4.770833333333333,2.1875,2.6666666666666665,2.9791666666666665,2.75,4.208333333333333,4.208333333333333,3.4791666666666665,2.7916666666666665
20211109,4.833333333333333,4.354166666666667,4.041666666666667,3.5625,3.0625,3.0833333333333335,4.25,4.375,2.3333333333333335,4.520833333333333,3.6666666666666665,3.0833333333333335,4.4375,4.052083333333333,3.2916666666666665,4.270833333333333
20211110,6.0,5.75,4.4375,4.104166666666667,3.5416666666666665,3.1041666666666665,3.4166666666666665,4.583333333333333,5.083333333333333,5.729166666666667,3.125,3.6458333333333335,3.8958333333333335,4.833333333333333,3.1875,3.6666666666666665
20211111,6.020833333333333,5.645833333333333,4.604166666666667,5.145833333333333,3.8125,4.0,4.569444444444445,5.416666666666667,3.2083333333333335,3.8333333333333335,3.1875,3.1458333333333335,4.041666666666667,4.0625,3.8333333333333335,3.4166666666666665
20211112,14.270833333333334,15.25,13.166666666666666,12.9375,13.270833333333334,10.6875,12.694444444444445,14.875,10.5625,13.145833333333334,11.895833333333334,12.083333333333334,12.583333333333334,13.447916666666666,11.75,13.520833333333334
20211113,22.208333333333332,22.375,20.25,21.291666666666668,20.541666666666668,19.395833333333332,21.652777777777775,24.833333333333332,17.145833333333332,17.1875,21.375,19.395833333333332,21.895833333333332,20.635416666666668,18.791666666666668,15.395833333333334
20211114,22.020833333333332,21.8125,19.854166666666668,22.875,22.645833333333332,23.791666666666668,23.652777777777775,26.5625,18.416666666666668,17.604166666666668,22.520833333333332,20.770833333333332,22.333333333333332,20.625,26.125,22.520833333333332
20211115,34.979166666666664,34.270833333333336,32.3125,34.729166666666664,34.479166666666664,35.4375,33.333333333333336,31.3125,33.104166666666664,34.395833333333336,31.083333333333332,35.354166666666664,35.208333333333336,30.864583333333332,36.875,31.541666666666668
20211116,50.854166666666664,52.791666666666664,53.520833333333336,51.75,53.979166666666664,54.416666666666664,52.88194444444445,52.020833333333336,46.25,47.0625,47.916666666666664,52.354166666666664,54.333333333333336,47.74305555555555,55.354166666666664,53.104166666666664
20211117,84.5,87.27083333333333,89.66666666666667,80.375,82.6875,82.875,77.51388888888889,65.3125,82.39583333333333,77.02083333333333,85.25,80.3125,88.75,81.57291666666667,74.60416666666667,80.1875
20211118,116.77083333333333,113.3125,124.79166666666667,102.54166666666667,96.95833333333333,97.91666666666667,84.29166666666667,40.4375,114.22916666666667,94.41666666666667,117.58333333333333,101.39583333333333,121.3125,107.48958333333333,69.04166666666667,102.5
20211119,13.395833333333334,13.0,12.729166666666666,11.770833333333334,12.479166666666666,11.666666666666666,12.451388888888888,15.25,15.041666666666666,12.083333333333334,41.604166666666664,15.145833333333334,17.958333333333332,18.145833333333332,16.625,23.208333333333332
20211120,24.583333333333332,25.541666666666668,23.666666666666668,34.291666666666664,32.395833333333336,29.729166666666668,28.236111111111114,43.125,28.3125,27.3125,28.270833333333332,29.125,26.833333333333332,23.697916666666668,37.0,27.979166666666668
20211121,31.166666666666668,31.083333333333332,29.895833333333332,32.479166666666664,32.416666666666664,31.708333333333332,25.48611111111111,26.4375,23.479166666666668,27.479166666666668,28.4375,30.5,29.625,29.645833333333332,28.375,28.833333333333332
20211122,6.958333333333333,7.395833333333333,6.479166666666667,6.604166666666667,7.479166666666667,7.166666666666667,6.458333333333333,4.375,5.104166666666667,4.208333333333333,3.8333333333333335,5.104166666666667,6.75,6.399305555555556,9.020833333333334,8.1875
20211123,19.181818181818183,18.25,15.386363636363637,16.795454545454547,19.75,17.704545454545453,12.15151515151515,10.681818181818182,12.204545454545455,13.181818181818182,13.613636363636363,14.113636363636363,18.318181818181817,21.318181818181817,17.931818181818183,26.295454545454547
20211124,34.47727272727273,34.47727272727273,33.15909090909091,30.636363636363637,33.02272727272727,29.477272727272727,23.772727272727273,22.772727272727273,25.454545454545453,22.636363636363637,31.886363636363637,27.272727272727273,35.31818181818182,43.875,26.886363636363637,31.318181818181817
20211125,37.854166666666664,38.25,37.166666666666664,38.104166666666664,39.395833333333336,36.416666666666664,30.027777777777775,32.375,28.229166666666668,27.75,40.291666666666664,37.583333333333336,41.75,42.46875,38.520833333333336,38.770833333333336
20211126,20.354166666666668,20.604166666666668,19.958333333333332,19.125,24.145833333333332,24.416666666666668,12.659722222222221,22.5,18.520833333333332,16.583333333333332,27.6875,20.333333333333332,25.020833333333332,26.40625,20.645833333333332,23.125
20211127,65.08333333333333,65.3125,66.85416666666667,59.75,62.625,61.229166666666664,49.416666666666664,43.3125,45.541666666666664,46.541666666666664,48.625,58.291666666666664,60.354166666666664,59.479166666666664,56.5,57.604166666666664
20211128,107.5625,107.60416666666667,106.60416666666667,95.5625,103.0625,92.72916666666667,97.52777777777777,93.91666666666667,93.54166666666667,91.41666666666667,104.14583333333333,102.33333333333333,117.39583333333333,114.80208333333333,92.64583333333333,96.29166666666667
20211129,66.80434782608695,64.06521739130434,72.97826086956522,52.91304347826087,56.26086956521739,53.34782608695652,38.08695652173913,61.93478260869565,72.8913043478261,65.56521739130434,87.8695652173913,73.8695652173913,71.97826086956522,75.6413043478261,48.630434782608695,67.6304347826087
20211130,4.636363636363637,4.659090909090909,4.5,3.6363636363636362,4.590909090909091,4.704545454545454,4.3939393939393945,3.8863636363636362,3.4545454545454546,4.931818181818182,6.7727272727272725,6.409090909090909,4.704545454545454,6.253787878787879,3.727272727272727,4.5227272727272725
20211201,8.8125,9.854166666666666,6.75,7.8125,12.3125,11.5625,7.895833333333333,9.083333333333334,7.770833333333333,10.625,10.729166666666666,7.229166666666667,7.895833333333333,11.135416666666666,11.416666666666666,11.416666666666666
20211203,15.0,16.1875,14.041666666666666,10.729166666666666,16.75,11.520833333333334,7.6875,9.1875,8.020833333333334,9.791666666666666,13.1875,8.583333333333334,14.458333333333334,14.229166666666666,10.3125,15.770833333333334
20211208,42.666666666666664,39.895833333333336,41.708333333333336,33.729166666666664,38.895833333333336,32.5625,37.0,30.166666666666668,35.520833333333336,33.645833333333336,43.395833333333336,53.020833333333336,53.791666666666664,56.270833333333336,27.833333333333332,35.833333333333336
20211209,97.4375,97.83333333333333,99.52083333333333,96.25,95.54166666666667,93.64583333333333,92.45833333333333,77.1875,89.6875,85.95833333333333,89.89583333333333,88.10416666666667,99.5,90.22916666666667,93.54166666666667,91.4375
20211214,56.604166666666664,55.0,55.208333333333336,47.270833333333336,47.8125,42.895833333333336,36.54861111111111,32.895833333333336,37.0625,40.375,55.3125,49.666666666666664,59.916666666666664,66.10763888888889,36.0625,45.083333333333336
20211215,79.66666666666667,73.0,80.29166666666667,57.770833333333336,61.854166666666664,53.5625,56.05555555555555,35.520833333333336,48.8125,49.916666666666664,58.5,67.64583333333333,97.64583333333333,93.25,36.645833333333336,52.4375
20211217,6.125,7.020833333333333,6.3125,7.166666666666667,7.5,9.145833333333334,8.604166666666666,7.25,6.770833333333333,7.625,9.041666666666666,7.541666666666667,6.020833333333333,6.78125,8.479166666666666,7.5
20211218,17.375,19.375,15.979166666666666,14.875,22.5,18.25,13.527777777777779,9.583333333333334,11.895833333333334,11.729166666666666,16.1875,17.229166666666668,18.895833333333332,22.520833333333332,14.5625,24.3125
20211219,42.0,43.375,38.979166666666664,35.041666666666664,39.291666666666664,34.5,26.305555555555557,17.375,20.75,22.895833333333332,27.520833333333332,32.1875,45.770833333333336,49.21875,27.979166666666668,33.666666666666664
20211220,43.5625,43.5,45.104166666666664,36.020833333333336,36.583333333333336,33.1875,27.444444444444443,26.5625,29.75,32.333333333333336,38.4375,38.625,56.125,49.84375,27.854166666666668,32.8125
20211221,24.979166666666668,25.0,24.895833333333332,25.166666666666668,28.833333333333332,27.145833333333332,28.73611111111111,35.75,24.9375,21.083333333333332,23.916666666666668,26.583333333333332,30.4375,29.322916666666668,29.5625,31.5625
20211222,31.708333333333332,31.645833333333332,32.4375,31.583333333333332,33.291666666666664,31.3125,31.569444444444443,41.791666666666664,29.854166666666668,29.770833333333332,33.125,32.770833333333336,29.916666666666668,30.208333333333332,32.4375,28.75
20211223,45.791666666666664,46.0625,45.75,48.4375,50.520833333333336,50.125,49.104166666666664,53.125,40.3125,37.854166666666664,43.270833333333336,40.854166666666664,39.958333333333336,40.87847222222222,53.875,45.770833333333336
20211224,10.229166666666666,9.895833333333334,9.333333333333334,8.6875,10.645833333333334,8.645833333333334,4.631944444444445,3.1041666666666665,2.6041666666666665,2.2916666666666665,4.145833333333333,4.958333333333333,9.291666666666666,10.041666666666666,9.770833333333334,12.291666666666666
20211225,5.354166666666667,5.125,5.291666666666667,4.4375,3.9583333333333335,4.4375,4.75,4.666666666666667,3.0625,5.104166666666667,6.041666666666667,3.8958333333333335,4.520833333333333,4.864583333333333,3.6041666666666665,3.9166666666666665
20211226,9.625,9.625,9.5625,9.791666666666666,11.979166666666666,9.854166666666666,8.88888888888889,7.104166666666667,7.520833333333333,10.375,10.541666666666666,8.145833333333334,9.375,10.416666666666666,9.708333333333334,12.416666666666666
20211227,26.458333333333332,29.375,25.75,25.020833333333332,27.041666666666668,24.708333333333332,14.513888888888888,17.416666666666668,12.770833333333334,12.958333333333334,19.541666666666668,15.5625,24.979166666666668,34.354166666666664,21.458333333333332,26.145833333333332
20211228,40.375,40.708333333333336,37.520833333333336,33.479166666666664,39.0,31.479166666666668,29.76388888888889,34.270833333333336,23.229166666666668,21.666666666666668,28.75,26.1875,42.708333333333336,55.645833333333336,27.270833333333332,34.125
20211229,11.208333333333334,12.625,11.083333333333334,11.708333333333334,14.708333333333334,12.9375,8.375,6.0625,8.4375,9.5,10.625,11.583333333333334,11.208333333333334,13.079861111111112,13.520833333333334,11.708333333333334
20211230,12.166666666666666,13.4375,11.375,12.458333333333334,20.75,14.8125,8.222222222222223,6.0625,6.125,6.9375,6.4375,10.8125,12.916666666666666,14.5,14.229166666666666,24.333333333333332
20211231,20.895833333333332,21.0,24.020833333333332,19.625,22.75,19.625,16.48611111111111,19.208333333333332,14.208333333333334,16.854166666666668,17.395833333333332,19.395833333333332,27.458333333333332,23.895833333333332,22.020833333333332,21.354166666666668
