date,东四,天坛,官园,万寿西宫,奥体中心,农展馆,万柳,北部新区,植物园,丰台花园,云岗,古城,房山,大兴,亦庄,通州,顺义,昌平,门头沟,平谷,怀柔,密云,延庆,定陵,八达岭,密云水库,东高村,永乐店,榆垡,琉璃河,前门,永定门内,西直门北,南三环,东四环
20180101,126.0,128.0,150.0,130.0,153.0,131.0,122.0,103.0,,142.0,142.0,82.0,145.0,155.0,136.0,151.0,137.0,45.0,56.0,88.0,46.0,89.0,58.0,39.0,79.0,16.0,83.0,91.0,136.0,244.0,116.0,113.0,150.0,136.0,172.0
20180102,20.0,39.0,28.0,31.0,22.0,22.0,21.0,37.0,,37.0,25.0,23.0,17.0,42.0,30.0,35.0,30.0,16.0,20.0,13.0,28.0,15.0,17.0,43.0,39.0,16.0,17.0,52.0,108.0,185.0,22.0,25.0,20.0,34.0,36.0
20180103,32.0,33.0,36.0,30.0,39.0,34.0,32.0,40.0,,30.0,24.0,27.0,56.5,61.0,28.0,45.0,44.0,42.0,19.0,24.0,34.0,20.0,62.0,31.0,43.0,16.0,35.0,67.0,58.0,157.5,24.0,30.0,35.0,34.0,51.0
20180104,58.0,45.0,58.0,53.0,51.0,43.0,41.0,82.0,,63.0,65.0,40.0,65.0,68.0,61.0,50.0,45.0,42.0,70.0,43.2,39.0,39.0,87.0,47.0,52.0,27.0,22.0,61.0,46.0,130.0,55.0,54.0,54.0,66.0,48.0
20180105,124.0,94.0,148.0,121.0,76.0,101.0,111.0,127.0,,187.0,139.0,110.0,191.0,224.0,146.0,109.0,44.0,45.0,77.0,26.0,40.0,30.0,85.0,35.0,52.0,17.0,22.0,189.0,200.0,319.0,136.0,134.0,137.0,159.0,70.0
20180106,54.0,34.0,51.0,58.0,51.0,44.0,46.0,81.0,,71.0,51.0,71.5,83.0,110.0,85.0,42.0,45.0,39.0,77.0,69.0,32.0,71.0,119.0,36.0,60.0,24.0,41.0,114.0,37.0,180.0,48.0,44.0,51.0,75.0,56.0
20180107,32.0,51.0,37.0,46.0,31.0,35.0,27.0,32.0,,36.0,24.0,36.0,32.0,33.0,34.0,56.0,51.0,36.0,23.0,42.0,24.0,29.0,24.0,28.0,35.0,29.0,47.0,60.0,33.5,241.0,27.0,28.0,40.0,41.0,60.0
20180108,49.0,49.0,48.0,41.0,55.0,52.0,26.0,41.0,,34.0,35.0,30.5,37.0,40.0,45.0,38.0,20.0,104.0,35.0,16.0,28.0,19.0,85.0,63.0,274.0,21.0,20.0,43.0,30.0,109.0,33.0,34.0,44.0,35.0,56.0
20180109,29.0,39.25,33.0,24.0,26.0,30.0,23.0,27.0,,32.0,37.0,52.0,32.0,25.0,27.0,35.0,9.0,36.0,43.0,15.0,15.0,17.0,30.0,21.0,25.0,14.0,18.0,48.0,11.0,60.5,20.0,18.0,30.0,24.0,19.0
20180110,19.0,27.22222222222222,20.0,26.0,20.0,33.0,15.0,21.0,,23.0,26.0,19.0,22.0,27.0,22.0,40.0,14.0,19.0,16.0,13.0,10.0,15.0,16.0,18.0,20.0,8.0,13.0,44.0,23.0,12.0,13.0,34.0,19.0,20.0,24.0
20180111,30.0,55.0,58.0,66.0,106.0,51.0,43.0,52.0,,69.0,66.0,47.0,71.0,83.0,60.0,65.0,25.0,20.0,42.0,31.333333333333332,29.5,68.0,25.0,11.666666666666666,25.0,16.0,51.0,120.0,57.0,146.0,54.0,50.0,58.0,82.0,65.0
20180112,180.0,162.0,184.0,206.0,171.0,154.0,59.666666666666664,94.0,,204.0,143.0,143.0,198.0,235.0,165.0,173.0,90.0,97.5,125.0,112.4,67.0,73.0,110.0,76.0,92.0,24.0,89.0,216.0,172.0,242.0,177.0,167.0,178.0,200.0,202.0
20180113,218.0,192.66666666666666,229.0,241.0,234.0,220.0,55.666666666666664,116.0,,225.0,246.0,71.0,155.55555555555554,288.0,149.0,236.0,229.0,219.0,191.0,153.57142857142856,205.125,159.0,152.0,82.75,168.0,24.5,63.0,160.33333333333334,143.33333333333334,297.0,198.0,151.33333333333334,144.0,252.0,301.0
20180114,101.0,135.0,95.0,232.0,111.0,100.0,54.0,60.0,,232.0,210.0,41.25,239.0,312.0,101.75,63.0,40.0,42.0,35.0,32.0,17.0,27.0,39.0,35.0,51.0,25.0,37.0,104.66666666666667,114.66666666666666,224.0,158.0,135.66666666666666,110.0,282.0,140.0
20180115,135.0,97.0,102.0,121.0,101.0,117.0,51.0,86.0,,114.0,88.0,81.0,110.0,118.0,91.0,72.0,102.0,101.0,79.0,67.0,91.0,73.0,98.0,71.0,90.0,96.0,54.0,49.0,86.0,151.0,118.0,120.0,87.0,114.0,148.0
20180116,223.0,164.0,224.0,232.0,228.0,214.0,203.0,205.0,,224.0,230.0,157.0,234.0,233.0,202.0,203.0,175.0,198.0,208.0,123.0,140.0,183.0,195.0,158.0,196.0,145.0,137.0,175.0,175.0,294.0,189.0,179.0,205.0,218.0,200.0
20180117,39.0,36.0,36.0,38.0,36.0,40.0,49.0,48.0,,40.0,38.0,55.0,51.0,44.0,41.0,28.0,22.0,26.0,38.0,15.0,21.0,17.0,39.0,25.0,42.0,15.0,13.0,39.0,134.0,299.0,27.0,27.0,43.0,43.0,41.0
20180118,279.0,202.0,243.0,309.0,229.0,250.0,236.0,146.0,,288.0,205.0,160.0,288.0,268.0,253.0,260.0,201.0,101.0,136.0,100.0,102.0,167.0,139.0,91.0,78.0,117.0,179.0,318.0,203.0,297.0,238.0,245.0,219.0,287.0,241.0
20180119,240.0,170.0,231.0,251.0,238.0,218.0,221.0,105.0,,260.0,201.0,169.0,244.0,232.0,186.0,216.0,156.0,76.0,148.0,110.0,66.0,111.0,58.0,56.0,78.0,37.0,86.0,166.0,181.0,374.0,208.0,183.0,230.0,257.0,216.0
20180120,76.0,60.0,68.0,78.0,83.0,79.0,71.0,73.0,,63.0,64.0,47.0,70.0,60.0,66.0,84.0,107.0,107.0,76.0,96.0,112.0,114.0,119.0,104.0,114.0,127.0,81.0,67.0,11.0,100.0,58.0,52.0,65.0,69.0,90.0
20180121,91.0,81.0,87.0,81.0,99.0,92.0,80.0,99.0,,86.0,98.0,86.0,103.0,91.0,77.0,95.0,109.0,114.0,103.0,89.0,104.5,107.0,105.0,98.0,100.0,98.0,88.0,86.0,64.0,145.0,73.0,62.0,71.0,81.0,107.0
20180122,23.0,49.0,21.0,33.0,26.0,29.0,19.0,28.0,,44.0,63.0,16.0,85.0,29.0,33.0,23.0,41.0,32.0,39.0,7.0,15.0,24.0,32.0,22.0,58.0,21.0,11.0,63.0,65.0,123.5,14.0,6.0,61.5,38.0,25.0
20180123,59.0,55.0,71.0,62.0,32.0,55.0,56.0,33.0,,75.0,84.0,62.0,88.0,72.0,57.0,57.0,46.0,43.0,75.0,42.0,28.0,53.0,42.0,47.0,47.0,40.0,25.0,51.0,66.0,102.0,58.0,52.0,52.0,68.0,37.0
20180124,83.0,67.0,81.0,87.0,37.0,63.0,86.0,60.0,,88.0,101.0,84.0,103.0,86.0,78.0,20.0,36.0,12.666666666666666,86.0,65.0,31.0,59.0,45.0,22.0,53.0,11.0,19.0,80.0,76.0,214.0,40.0,37.0,36.5,87.0,55.0
20180125,17.0,22.0,22.0,25.0,16.0,28.0,31.0,60.0,,23.0,54.0,42.0,44.0,33.0,23.0,15.333333333333334,24.0,21.0,44.0,21.0,23.0,26.0,40.0,44.33333333333333,60.0,13.0,13.0,33.0,77.0,114.0,22.0,22.0,21.0,28.0,39.0
20180126,70.0,51.0,76.0,72.0,56.0,62.0,72.0,104.0,,90.0,91.0,77.0,100.0,80.0,68.0,78.0,106.0,53.0,89.0,77.0,90.4,92.0,49.0,38.0,52.0,86.0,29.666666666666668,57.0,92.0,155.0,70.0,70.0,75.0,76.0,60.0
20180127,118.0,95.5,124.0,125.0,106.0,111.0,120.0,124.0,,131.0,132.0,109.0,139.0,139.0,123.28571428571428,120.0,113.33333333333333,87.5,107.0,47.25,97.66666666666667,121.0,120.0,66.25,136.0,97.0,46.333333333333336,57.0,89.0,208.0,103.0,68.0,93.5,137.0,139.0
20180128,90.0,62.0,92.0,70.0,115.0,89.0,107.0,150.0,,72.0,70.0,80.0,69.0,73.0,62.0,77.0,157.0,174.0,104.0,53.0,55.0,61.0,195.0,142.0,205.0,25.0,63.0,57.0,86.0,175.0,62.0,66.0,112.0,74.0,93.0
20180129,46.0,37.0,42.0,41.0,39.0,47.0,41.0,44.0,,42.0,35.0,45.0,71.0,72.0,56.0,52.0,57.0,55.0,37.0,36.0,43.0,64.0,50.0,43.0,68.0,41.0,40.0,62.0,82.0,137.0,35.0,52.0,44.0,76.0,46.0
20180130,41.0,44.0,40.0,38.0,47.0,45.0,41.0,54.0,,55.0,62.0,54.0,89.0,46.0,49.0,46.0,50.0,47.0,50.0,56.0,42.0,32.0,66.0,35.0,71.0,29.0,36.0,49.0,141.0,99.0,33.0,45.0,42.0,55.0,37.0
20180131,87.0,73.0,92.0,87.0,79.0,90.0,102.0,120.0,,117.0,91.0,105.0,124.0,98.0,116.0,105.0,92.0,91.0,99.0,91.0,76.0,89.0,117.0,91.0,126.0,60.0,66.0,103.0,107.0,95.0,88.0,91.0,92.0,101.0,75.0
20180201,44.0,35.0,31.0,36.0,38.0,38.0,38.0,50.0,,49.0,45.0,43.0,82.0,41.0,36.0,52.0,31.0,30.0,69.0,79.0,30.0,31.0,34.0,35.0,39.0,36.0,85.0,76.0,77.0,154.0,19.0,25.0,28.0,44.0,54.0
20180202,31.0,40.0,31.0,34.0,30.0,34.0,38.0,31.0,,37.0,25.0,32.0,35.0,34.0,35.0,30.0,25.0,23.0,36.0,16.0,18.0,20.0,20.0,22.0,34.0,18.0,15.0,43.0,37.0,64.0,28.0,28.0,33.0,34.0,33.0
20180203,18.0,20.0,16.0,17.0,15.0,21.0,20.0,20.0,,19.0,20.0,22.0,26.0,21.0,15.0,16.0,14.0,34.0,18.0,6.0,13.0,15.0,22.0,13.0,11.0,13.0,24.5,27.0,34.0,77.0,13.0,14.0,18.0,22.0,15.0
20180204,44.0,38.0,51.0,55.0,40.0,60.0,50.0,64.0,,66.0,63.0,53.0,54.0,78.0,73.0,76.0,36.0,39.0,36.0,32.2,29.6,58.0,37.0,30.0,47.0,14.0,34.0,31.0,41.0,102.0,45.0,17.5,48.0,69.0,56.0
20180205,22.0,21.0,15.0,20.0,22.0,24.0,20.0,30.0,,23.5,20.0,21.0,47.0,34.0,26.0,16.0,17.0,19.0,23.0,15.0,15.0,13.0,17.0,11.0,12.0,15.0,10.0,35.0,48.0,77.0,21.0,21.0,19.0,29.0,33.0
20180206,105.0,96.0,115.0,110.0,107.0,113.0,119.0,110.0,,130.0,141.0,56.6,169.0,100.0,87.0,113.0,132.0,84.0,143.0,87.8,73.5,101.0,88.0,68.0,78.0,87.0,105.0,135.0,120.0,206.0,103.0,104.0,130.0,146.0,115.0
20180207,19.0,24.0,26.0,27.0,16.0,22.0,28.0,28.0,,28.0,23.0,24.0,34.0,32.0,21.0,21.0,13.0,18.0,26.0,13.0,26.8,12.0,27.0,15.0,34.0,88.0,90.5,27.0,37.0,66.0,15.0,15.0,112.25,35.0,12.0
20180208,134.0,75.0,124.0,118.0,146.0,132.0,140.0,126.0,,159.0,162.0,130.0,182.0,184.0,106.0,163.0,114.0,134.0,121.0,73.0,128.0,108.0,136.0,116.0,131.0,89.0,76.0,214.0,336.0,269.0,125.0,153.0,94.5,161.0,140.0
20180209,58.0,47.0,53.0,50.0,62.0,77.0,74.0,51.0,,62.0,54.0,46.0,77.0,163.0,66.0,81.0,84.0,46.0,51.0,73.0,34.0,43.0,38.0,43.0,41.0,36.0,79.0,167.0,315.0,165.0,45.0,45.0,76.75,62.0,67.0
20180210,67.0,38.0,46.0,41.0,73.0,74.0,52.0,104.0,,48.0,48.0,42.0,51.0,48.0,45.0,87.0,67.0,146.0,53.0,51.0,87.0,80.0,148.0,103.0,147.0,107.0,61.0,69.0,48.0,67.0,38.0,42.0,59.0,58.0,72.0
20180211,177.0,114.0,137.0,108.0,193.0,194.0,146.0,232.0,,97.0,83.0,81.0,78.0,87.0,104.0,176.0,115.0,176.0,117.0,63.0,88.0,83.0,261.0,145.0,250.0,64.0,70.0,88.0,69.0,94.0,129.0,115.0,171.0,101.0,57.5
20180212,52.0,39.0,52.0,44.0,43.0,52.0,47.0,52.0,,62.0,56.0,53.0,79.0,51.0,51.0,55.0,42.0,50.0,59.0,52.0,29.0,43.0,71.0,41.0,62.0,26.0,35.0,78.0,99.0,117.0,52.0,52.0,51.0,57.0,43.0
20180213,149.0,86.0,135.0,119.0,125.0,137.0,125.0,113.0,,135.0,98.0,133.0,136.0,150.0,96.71428571428571,132.0,127.0,98.0,100.0,30.142857142857142,104.0,33.285714285714285,99.0,111.0,118.0,124.0,31.0,217.0,190.0,159.0,129.0,133.0,177.0,164.0,154.0
20180214,32.0,29.0,34.0,23.0,34.0,15.0,28.0,34.0,,35.0,59.0,34.0,67.0,72.0,40.0,45.0,30.0,20.0,28.0,59.0,19.0,29.0,41.0,17.0,35.0,24.0,27.0,99.0,154.0,174.0,28.0,30.0,30.0,43.0,115.66666666666666
20180215,164.0,136.0,143.0,176.0,118.0,163.0,105.0,68.0,,195.0,223.0,198.0,282.0,388.0,17.5,225.0,128.0,81.0,109.0,123.14285714285714,67.0,154.42857142857142,97.0,56.0,81.0,69.0,32.0,298.0,417.0,938.0,181.0,198.0,144.0,42.5,77.33333333333333
20180216,33.0,27.0,31.0,35.0,33.0,42.0,31.0,58.0,,41.0,70.0,53.0,62.0,104.0,25.14814814814815,50.0,57.0,44.0,60.0,76.0,51.0,102.0,108.0,27.0,46.0,18.0,37.0,77.0,55.0,344.0,42.0,45.0,37.0,42.0,39.0
20180217,97.0,63.23529411764706,102.0,97.0,101.5,112.0,97.0,129.0,,109.0,105.0,126.0,122.0,122.0,33.18518518518518,111.0,106.0,122.0,123.0,96.0,94.0,62.516129032258064,132.0,89.16666666666667,121.0,75.0,35.0,117.5,126.0,192.0,50.0,49.0,40.5,123.0,112.0
20180218,153.0,44.09803921568627,141.5,132.5,146.875,125.0,67.05405405405406,197.5,,144.0,224.0,179.0,260.0,165.0,41.22222222222222,135.0,128.66666666666666,102.14285714285714,162.0,90.84210526315789,120.0,51.45161290322581,141.0,65.83333333333334,116.0,116.0,33.0,158.0,202.0,191.0,58.0,53.0,44.0,131.0,163.0
20180219,87.92592592592592,24.96078431372549,156.0,84.32,76.0,136.0,28.540540540540547,149.6,,156.8,178.0,186.0,152.8,164.0,49.25925925925926,134.0,192.0,58.142857142857146,140.33333333333334,73.15789473684211,152.6,40.38709677419355,23.0,42.5,30.0,170.0,31.0,129.0,181.0,190.0,66.0,57.0,47.5,111.0,165.0
20180220,83.0,65.0,59.0,79.0,25.0,80.0,47.0,52.0,,115.0,96.0,73.0,119.0,121.0,91.66666666666666,88.0,49.5,50.0,70.0,84.0,37.0,29.322580645161295,87.0,77.0,52.0,20.0,29.0,100.0,129.0,189.0,74.0,61.0,51.0,91.0,65.0
20180221,36.0,38.0,30.0,24.0,22.0,26.0,29.0,38.0,,32.0,38.0,38.0,41.0,45.0,34.0,36.0,34.0,35.0,54.0,64.0,27.0,43.0,53.0,32.0,47.0,35.0,53.0,91.0,66.0,100.0,69.0,21.0,29.0,35.0,31.0
20180222,60.0,45.0,63.0,61.0,60.0,65.0,67.0,108.0,,83.0,71.0,95.0,76.0,66.0,55.0,55.0,54.0,41.0,76.0,64.0,48.0,49.0,67.0,34.0,52.0,26.0,25.0,97.0,60.0,93.0,64.0,77.0,70.0,48.5,53.0
20180224,62.0,59.0,60.0,57.0,59.0,72.0,55.0,77.0,,62.0,64.0,60.0,66.0,61.0,51.0,68.0,73.0,72.0,77.0,49.0,59.0,55.0,70.0,55.0,71.0,47.0,47.0,47.0,59.0,73.0,64.0,61.0,61.0,62.0,63.0
20180225,117.0,99.0,134.0,121.0,114.0,126.0,121.0,117.0,,142.0,149.0,153.0,168.0,170.0,92.0,133.0,114.0,94.0,140.0,129.0,93.5,108.0,103.0,76.0,102.0,102.0,82.66666666666666,155.0,175.0,229.0,118.0,130.0,133.0,166.0,177.0
20180226,174.0,134.36,168.0,157.0,144.0,183.0,145.0,203.0,,194.0,168.0,172.0,190.0,213.0,179.0,238.0,205.0,122.75,171.0,242.0,161.125,215.0,157.0,78.11111111111111,123.0,155.0,118.33333333333333,169.5,283.0,240.0,181.0,202.0,213.0,203.0,241.0
20180227,172.0,172.0,192.0,159.0,169.0,185.0,156.0,200.0,,195.0,180.0,177.0,184.0,180.0,155.0,188.0,175.28571428571428,110.5,197.0,190.0,197.0,163.66666666666669,176.0,60.33333333333333,104.5,112.5,154.0,184.0,180.0,250.0,168.0,171.0,193.0,215.0,243.0
20180228,255.0,214.0,202.0,168.0,194.0,148.0,306.0,270.0,,155.0,126.0,296.0,168.0,364.0,200.0,154.0,195.0,109.0,267.0,98.0,129.0,233.0,53.0,46.0,86.0,70.0,67.0,207.0,268.0,117.0,188.0,197.0,246.0,304.0,177.0
20180301,75.0,66.0,76.0,68.0,78.0,81.0,80.0,99.0,,103.0,92.0,92.0,94.0,75.0,69.0,90.0,84.0,87.0,96.0,84.0,71.0,80.0,91.0,74.0,96.0,60.0,74.0,76.0,102.0,130.0,73.0,77.0,78.0,79.0,75.0
20180302,150.0,108.0,133.0,122.0,131.0,150.0,114.0,131.0,,149.0,184.0,228.0,251.0,377.0,152.0,202.0,134.0,143.0,146.0,176.0,115.0,252.0,151.0,97.0,131.0,130.0,128.0,199.0,452.0,632.0,152.0,138.0,162.0,159.0,179.0
20180303,204.0,160.16666666666666,205.0,196.0,173.66666666666666,257.0,197.0,228.0,,225.0,200.0,222.0,248.0,251.0,215.0,236.0,256.0,134.66666666666666,233.0,232.5,207.0,236.0,271.0,146.0,115.0,185.5,129.5,252.0,243.0,306.0,150.5,143.5,215.0,234.0,283.0
20180304,166.0,154.0,189.0,153.0,173.0,201.0,185.0,246.0,,216.0,188.0,205.0,210.0,161.0,136.0,172.0,175.0,205.0,229.0,153.0,197.0,192.0,290.0,183.0,266.0,241.0,131.0,171.0,137.0,218.0,149.0,149.0,195.0,164.0,171.0
20180305,75.0,65.0,80.0,73.0,72.0,85.0,85.0,130.0,,90.0,90.0,97.0,90.0,82.0,58.0,62.0,76.0,116.0,122.0,64.0,71.0,99.0,133.0,117.0,125.0,100.0,54.0,42.0,79.0,155.0,66.0,63.0,79.0,73.0,74.0
20180306,55.0,60.0,66.0,52.0,54.0,55.0,60.0,86.0,,80.0,73.0,62.0,81.0,76.0,48.0,63.0,46.0,74.0,77.0,48.0,48.0,78.0,81.0,78.0,72.0,94.0,50.0,55.0,63.0,56.0,56.0,54.0,77.0,81.0,76.0
20180307,90.0,83.0,96.0,88.0,89.0,103.0,78.0,108.0,,97.0,96.0,84.0,113.0,112.0,97.0,111.0,91.0,102.0,87.0,102.0,91.0,79.0,43.0,54.0,35.0,77.0,75.0,79.0,130.0,135.0,85.0,81.0,93.0,100.0,126.0
20180308,96.0,88.0,103.0,84.0,102.0,110.0,109.0,129.0,,124.0,132.0,132.0,135.0,88.0,82.0,104.0,105.0,116.0,138.0,121.0,127.0,100.0,124.0,104.0,117.0,90.0,85.0,103.0,92.0,162.0,92.0,93.0,111.0,104.0,111.0
20180309,163.0,154.3846153846154,152.0,143.66666666666666,155.0,157.0,132.0,190.0,,183.0,163.0,198.0,208.0,184.0,146.0,162.0,128.0,109.0,169.0,130.0,80.4,182.0,138.0,116.8,150.0,102.5,82.0,205.0,216.0,214.0,74.5,74.0,153.0,207.0,203.0
20180310,60.0,52.0,70.0,78.0,55.0,51.0,67.0,110.0,,79.0,124.0,90.0,112.0,75.0,45.0,46.0,62.0,93.0,110.0,81.0,95.0,94.0,124.0,99.0,134.0,115.0,79.0,49.0,79.0,114.0,57.0,55.0,78.0,92.0,75.0
20180311,135.0,101.0,100.0,114.0,100.0,147.0,94.0,113.0,,106.0,91.0,109.0,122.0,114.0,115.0,122.0,76.0,105.0,112.0,116.0,87.0,92.0,91.0,93.0,96.0,81.0,126.0,146.0,158.0,143.0,122.0,113.0,103.0,160.0,150.0
20180312,127.20833333333334,132.04444444444445,200.97297297297297,121.5,113.83333333333333,228.0,127.4390243902439,205.625,,246.0,134.9047619047619,223.0,260.0,237.0,144.78947368421052,148.0,198.0,154.26315789473685,211.05882352941177,110.65217391304347,155.7,119.14285714285714,164.4,92.53846153846153,80.75,66.0,110.75,178.33333333333334,297.0,265.0,110.25,107.5,95.25,265.0,279.0
20180313,99.875,112.13333333333333,184.54054054054055,128.83333333333334,85.61904761904762,354.79999999999995,151.9512195121951,301.0,,335.0,208.23809523809524,237.41176470588235,368.0,315.0,166.89473684210526,177.16666666666669,166.0625,129.21052631578948,197.47058823529412,79.91304347826087,102.14999999999999,129.14285714285714,181.54545454545453,71.61538461538461,65.5,51.0,95.5,210.66666666666669,250.0,257.1666666666667,98.5,102.0,87.5,384.0,365.0
20180314,72.54166666666667,92.22222222222223,168.10810810810813,136.16666666666666,57.40476190476191,248.6,176.46341463414635,347.6666666666667,,275.66666666666663,281.57142857142856,251.8235294117647,193.0,187.0,189.0,226.0,134.125,104.15789473684211,183.88235294117646,49.173913043478265,48.599999999999994,139.14285714285714,100.81818181818181,50.69230769230769,50.25,36.0,80.25,243.0,203.0,249.33333333333334,86.75,96.5,79.75,229.0,228.0
20180315,63.0,66.0,78.0,76.0,67.0,80.0,94.0,69.0,,104.0,116.0,141.0,165.0,131.0,83.0,93.0,79.0,46.0,124.0,58.0,86.0,71.0,92.0,29.0,35.0,21.0,65.0,125.0,175.0,241.5,75.0,91.0,72.0,83.0,67.0
20180316,66.0,29.463414634146343,78.0,74.0,68.0,77.0,65.0,83.0,,78.0,91.0,86.0,103.0,86.0,69.0,91.0,73.0,12.0,101.0,82.0,68.0,67.0,82.0,71.0,81.0,82.0,90.0,76.0,83.0,233.66666666666666,69.0,74.0,72.0,85.0,82.0
20180317,94.33333333333333,40.390243902439025,50.13157894736842,58.21621621621622,46.94444444444444,55.23529411764706,54.513513513513516,79.27272727272728,,41.53333333333333,47.06666666666667,87.0,77.0,74.22222222222223,40.13333333333333,61.266666666666666,51.93333333333334,44.25,58.470588235294116,58.578947368421055,49.0,49.93333333333333,68.15384615384616,64.22222222222223,72.33333333333333,69.0,86.6,82.66666666666667,86.33333333333333,225.83333333333334,66.33333333333333,68.33333333333333,61.0,81.0,104.0
20180318,123.0,51.31707317073171,37.921052631578945,42.648648648648646,115.0,42.88235294117647,42.75675675675676,120.0,,35.46666666666667,41.93333333333334,91.375,157.88888888888889,116.0,29.866666666666667,40.733333333333334,36.06666666666666,49.9375,59.294117647058826,53.78947368421053,47.25,48.06666666666667,64.46153846153847,60.666666666666664,63.66666666666667,56.0,83.2,89.33333333333333,89.66666666666667,218.0,63.666666666666664,62.666666666666664,50.0,77.0,126.0
20180319,42.0,62.243902439024396,47.0,49.0,38.0,48.0,31.0,44.0,,46.0,60.0,67.0,68.0,66.0,47.0,62.0,55.0,58.0,75.0,49.0,48.0,35.0,85.0,48.0,55.0,43.0,79.8,96.0,93.0,210.16666666666669,61.0,57.0,39.0,73.0,58.0
20180320,33.0,73.17073170731707,44.0,45.0,42.0,46.0,35.0,67.0,,52.0,49.0,58.0,59.0,47.0,35.0,57.0,48.0,52.0,51.0,47.0,56.0,42.0,67.0,20.0,42.0,41.0,76.4,144.0,68.0,202.33333333333334,46.0,52.0,40.0,58.0,37.0
20180321,86.0,77.0,86.0,94.0,77.0,70.0,76.0,142.0,,93.0,94.0,104.0,129.0,112.0,83.0,105.0,102.0,109.0,125.0,80.0,112.8,115.0,105.0,88.0,117.0,89.0,73.0,135.0,107.0,194.5,93.0,105.0,83.0,113.0,90.0
20180322,102.0,90.0,109.0,96.0,93.0,108.0,98.0,165.0,,122.0,125.0,148.0,141.0,99.0,75.0,97.0,122.0,129.0,169.0,113.0,132.0,118.0,124.0,100.0,135.0,94.0,80.0,220.0,122.0,186.66666666666669,107.0,120.0,104.0,107.0,108.0
20180323,152.0,90.0,151.0,128.0,129.0,134.0,147.0,277.3333333333333,,158.0,121.0,208.0,146.0,167.0,148.0,142.0,100.0,136.0,163.0,97.0,76.2,82.0,18.0,182.0,101.0,85.5,52.0,228.0,155.0,178.83333333333334,188.0,222.0,194.0,230.0,97.0
20180324,71.0,55.0,71.0,76.0,74.0,69.0,75.0,88.0,,89.0,98.0,88.0,127.0,74.0,90.0,77.0,71.0,84.0,70.0,114.0,98.0,70.0,106.0,67.0,90.0,77.0,56.0,193.0,90.0,171.0,74.0,64.0,73.0,89.0,60.0
20180325,121.0,98.0,122.0,127.0,120.0,116.0,108.0,114.0,,149.0,142.0,108.0,185.0,168.0,192.0,141.0,99.0,114.0,168.0,133.0,126.0,123.0,173.0,77.0,110.0,87.0,87.0,158.0,155.0,216.0,131.0,147.0,122.0,139.0,83.0
20180326,190.0,145.0,183.0,195.0,206.0,186.0,186.0,258.0,,196.0,201.0,220.0,238.0,222.0,165.0,206.0,184.0,212.3571428571429,174.0,139.6,214.58333333333334,156.2,145.0,183.0,174.0,260.66666666666663,143.0,260.0,175.0,232.0,226.0,243.0,149.33333333333334,231.5,217.0
20180327,255.0,211.0,273.0,247.0,264.0,249.0,245.0,408.0,,340.0,251.0,300.0,391.6666666666667,297.0,272.0,266.0,245.0,693.8571428571429,581.909090909091,159.0,582.6666666666667,271.0,355.0,367.0,337.0,434.3333333333333,199.0,290.0,335.0,323.0,250.0,295.0,176.66666666666666,324.0,301.0
20180328,226.0,183.0,239.0,209.0,252.0,223.0,228.0,393.0,,251.0,326.0,337.0,338.0,238.0,166.0,260.0,269.0,380.0,334.0,346.5,368.0,467.0,843.0,531.0,810.0,608.0,255.0,229.0,243.0,389.0,182.0,186.0,204.0,218.0,237.0
20180329,155.0,110.85714285714286,140.0,107.0,147.0,158.0,119.0,216.0,,120.0,125.0,151.0,163.0,110.0,120.0,144.0,139.0,203.0,172.0,111.0,6.0,155.0,202.0,259.0,219.0,175.0,85.0,140.0,188.5,156.0,98.0,89.0,68.0,172.0,136.0
20180330,137.0,109.11111111111111,104.0,117.0,120.0,133.0,109.0,114.0,,103.0,112.0,108.0,122.0,112.0,109.0,128.0,61.0,43.0,107.0,42.0,96.0,75.0,123.0,84.0,106.0,74.0,85.0,169.0,134.0,181.0,129.0,131.0,103.0,126.0,117.0
20180331,209.0,140.0,181.0,199.0,239.0,138.0,208.0,666.0,,204.0,220.0,248.0,246.0,225.0,209.0,252.0,197.0,170.0,206.0,158.0,180.0,190.0,212.0,151.0,164.5,172.0,80.42857142857143,314.0,249.0,297.0,229.0,190.0,192.0,246.0,208.0
20180401,238.0,182.0,202.0,232.0,227.0,215.0,217.0,478.0769230769231,,235.0,246.0,264.0,284.0,230.0,207.0,256.0,202.0,245.0,232.0,210.0,240.0,279.0,316.0,143.0,223.0,121.5,75.85714285714286,327.0,216.0,288.0,243.0,230.0,204.0,236.0,202.0
20180402,290.0,271.0,268.0,307.0,292.0,266.0,274.0,361.0,,275.0,265.0,304.0,301.0,333.0,309.0,295.0,273.75,206.5,256.3333333333333,91.0,225.0,60.0,317.0,233.75,459.0,71.0,71.28571428571429,316.0,324.0,397.0,277.0,194.75,282.0,361.0,363.0
20180403,10.0,9.0,9.0,7.0,32.142857142857146,11.0,61.85714285714286,134.86666666666667,,6.0,12.0,156.66666666666666,7.0,11.142857142857142,18.0,136.5,102.0,99.86666666666667,19.076923076923077,23.0,9.0,21.0,39.5,12.0,518.6666666666666,13.0,66.71428571428572,254.33333333333334,261.3333333333333,13.0,216.0,159.5,247.0,15.0,18.0
20180404,29.214285714285715,43.25,35.0,30.0,47.46153846153846,36.230769230769226,27.769230769230766,96.13333333333333,,58.5,66.0909090909091,126.33333333333334,71.27272727272727,49.66666666666667,31.0,51.0,52.0,75.13333333333333,64.84615384615384,21.0,34.333333333333336,37.714285714285715,28.0,41.14285714285714,578.3333333333334,38.0,62.142857142857146,192.66666666666669,198.66666666666669,85.0,155.0,124.25,212.0,48.0,75.0
20180405,134.0,86.0,6.0,106.0,195.0,140.0,79.0,392.0,,121.0,106.0,106.0,137.0,131.0,113.0,128.0,178.0,281.0,152.0,79.0,75.0,81.0,732.0,360.0,638.0,63.0,57.57142857142857,131.0,136.0,157.0,94.0,89.0,177.0,124.0,132.0
20180406,31.0,42.0,42.0,36.0,31.0,32.0,19.0,33.0,,43.0,38.0,25.0,33.0,42.0,42.0,40.0,43.0,34.0,33.0,40.0,38.0,30.0,46.0,39.0,40.0,28.0,53.0,44.0,42.0,22.0,29.0,30.0,34.0,52.0,33.0
20180407,96.0,89.0,82.0,87.0,94.0,99.0,84.0,354.0,,109.0,129.0,183.0,157.0,133.0,95.0,141.0,68.0,70.0,124.0,37.0,63.0,72.0,84.0,53.0,115.0,39.0,53.0,96.0,115.0,115.0,96.0,90.0,86.0,115.0,123.0
20180408,126.0,108.0,108.0,117.0,122.0,121.0,119.0,177.0,,126.0,130.0,137.0,154.0,127.0,136.0,135.0,122.0,113.0,120.0,86.0,123.0,96.0,125.0,103.0,116.0,67.0,86.0,83.0,128.0,196.0,129.0,114.0,113.0,128.0,106.0
20180409,186.0,171.0,163.0,170.0,184.0,169.0,199.0,319.0,,182.0,204.0,308.0,241.0,215.0,171.0,192.0,168.0,176.0,180.0,159.0,162.0,174.0,188.0,138.0,192.0,160.0,144.0,173.0,205.0,206.0,184.0,172.0,176.0,227.0,193.0
20180410,37.0,38.0,32.0,37.0,38.0,50.0,20.0,29.0,,38.0,31.0,15.0,46.0,38.0,38.0,61.0,43.0,46.0,25.0,67.0,58.0,72.0,38.0,32.0,39.0,108.0,49.0,41.0,64.0,24.0,18.0,22.0,27.0,49.0,43.0
20180411,117.0,91.0,79.0,99.0,87.0,109.0,83.0,115.0,,88.0,88.0,87.33333333333333,113.0,96.0,108.0,106.0,105.0,66.0,99.0,94.0,98.0,99.0,137.0,72.0,94.0,25.0,90.0,91.0,83.5,119.0,111.0,105.0,80.0,114.0,87.0
20180412,82.0,93.0,83.0,91.0,79.0,83.0,91.0,112.0,,90.0,104.0,97.0,133.0,92.0,87.0,82.0,80.0,100.0,119.0,60.0,93.0,85.0,124.0,101.0,139.0,97.0,74.0,89.0,103.0,117.0,88.0,81.0,72.0,112.0,83.0
20180413,15.142857142857146,56.18181818181818,72.0,84.6,105.2,72.0,50.625,54.0,,200.5,62.857142857142854,52.285714285714285,198.0,200.5,197.5,260.5,327.5,83.0,114.57142857142857,206.5,40.714285714285715,307.5,48.0,194.4,56.0,275.5,277.0,267.0,229.5,204.0,178.5,170.0,163.5,208.0,190.0
20180414,360.0,302.0,293.0,345.0,277.0,328.0,300.0,327.0,,328.0,324.0,262.0,401.0,358.0,327.0,442.0,385.0,256.0,332.0,392.0,374.0,436.0,245.0,241.0,281.0,454.0,480.0,445.0,356.0,291.0,269.0,259.0,255.0,304.0,297.0
20180415,79.0,67.0,71.0,82.0,80.0,76.0,95.0,102.0,,87.0,99.0,67.0,115.0,128.71428571428572,91.0,74.0,85.0,71.0,63.0,74.0,81.0,71.0,85.0,73.0,117.0,81.0,61.0,83.0,97.0,101.0,74.0,66.0,80.0,80.0,73.0
20180416,263.0,222.0,253.0,253.0,242.0,265.0,255.0,334.0,,273.0,268.0,236.0,317.0,281.0,246.0,273.0,255.0,237.0,272.0,197.0,201.0,212.0,205.0,217.0,209.0,214.0,197.0,258.0,316.0,318.0,255.0,254.0,139.0,259.0,235.0
20180417,218.0,171.0,204.0,220.0,199.0,211.0,209.0,297.0,,227.0,235.0,226.0,278.0,212.0,192.0,230.0,248.0,220.0,253.0,192.0,232.0,226.0,245.0,191.0,280.0,207.0,172.0,242.0,225.0,260.0,220.0,218.0,198.0,241.0,242.0
20180418,246.0,199.0,244.0,267.0,146.05882352941177,280.0,266.0,6.0,,265.0,249.0,259.0,311.0,181.53333333333333,235.0,258.0,258.0,244.0,266.0,197.0,234.0,251.0,251.0,193.0,267.0,206.0,167.0,283.0,277.0,302.0,279.0,263.0,267.0,323.0,264.0
20180419,137.0,132.0,132.0,158.0,166.0,157.0,122.0,156.0,,6.0,158.0,133.0,216.0,154.46666666666667,124.0,157.0,124.0,137.0,165.0,157.0,132.0,165.0,152.0,116.0,168.0,158.0,172.0,156.0,136.0,394.0,137.0,135.0,141.0,177.0,185.0
20180420,120.0,115.0,126.0,155.0,141.0,135.0,104.0,171.0,,171.0,144.0,154.0,211.0,215.0,110.0,165.0,124.46153846153845,147.0,157.0,152.0,142.66666666666666,132.0,117.0,158.0,143.0,84.0,173.0,181.0,170.0,220.0,120.0,119.0,126.0,200.0,199.0
20180421,7.0,29.60000000000001,10.0,33.70000000000002,8.0,30.22222222222223,30.0,90.5,,7.0,132.06666666666666,14.0,52.19999999999999,116.5,85.5,59.33333333333333,37.769230769230774,63.71428571428572,97.0,24.333333333333332,98.0,6.0,57.400000000000006,12.0,97.5,62.0,6.0,110.0,107.5,145.0,85.5,84.0,16.0,6.0,32.0
20180422,45.0,38.0,25.0,38.0,38.0,34.0,13.0,17.0,,27.0,63.93333333333334,29.0,32.0,34.0,25.0,30.0,45.0,37.0,12.0,38.0,28.0,28.0,19.0,30.0,52.0,40.0,31.0,39.0,45.0,70.0,51.0,49.0,32.0,55.0,36.0
20180423,93.0,67.0,88.0,86.0,43.0,58.0,121.0,150.0,,66.0,42.0,91.0,88.0,64.0,53.0,77.0,43.0,55.0,65.0,77.0,45.0,39.0,55.0,56.0,47.0,18.0,31.0,69.0,87.0,90.0,82.0,73.0,99.0,91.0,100.0
20180424,72.0,60.0,60.0,76.0,51.0,77.0,82.0,100.0,,71.0,52.0,63.0,110.77777777777777,55.0,70.0,80.0,91.0,61.0,73.0,73.0,61.0,80.0,117.0,24.0,54.0,45.0,40.0,43.0,60.0,131.0,73.0,67.0,66.0,84.0,25.0
20180425,80.0,68.0,88.0,86.0,77.0,87.0,85.0,124.0,,99.0,63.0,107.0,136.63888888888889,89.0,115.0,105.0,87.5,84.0,89.0,88.0,91.0,58.0,90.0,66.0,100.0,60.0,64.0,71.0,145.0,169.0,114.0,95.0,104.0,83.0,61.0
20180426,153.0,134.0,151.0,140.0,123.0,177.0,172.0,187.0,,154.0,74.0,150.0,162.5,150.0,140.0,213.0,120.0,87.0,163.0,143.0,36.0,66.0,85.0,99.0,82.0,65.0,97.0,130.0,158.0,189.0,169.0,207.0,165.0,140.0,144.0
20180427,184.0,151.0,188.0,189.0,154.0,193.0,193.0,233.0,,194.0,77.0,168.0,188.36111111111111,177.0,170.0,206.0,201.0,175.0,209.0,176.0,162.0,166.0,194.0,124.0,192.0,145.0,150.0,179.0,138.0,202.0,182.0,157.0,182.0,167.0,170.0
20180428,219.0,196.0,237.0,245.0,193.0,232.0,245.0,274.0,,248.0,219.0,221.0,214.22222222222223,237.0,199.0,213.0,244.0,226.0,212.0,172.6,254.0,213.0,206.0,143.0,232.0,187.0,134.0,223.0,225.0,324.0,270.0,243.0,250.0,228.0,198.0
20180429,149.0,176.0,135.0,139.0,135.0,148.0,168.0,249.0,,166.0,186.0,131.0,239.0,258.0,168.0,182.0,146.0,140.0,179.0,135.0,169.0,107.0,168.0,126.0,149.0,124.0,118.0,188.0,198.0,377.0,134.0,124.0,155.0,186.0,193.0
20180430,49.0,52.0,59.0,57.0,41.0,39.0,73.0,93.0,,61.0,69.0,52.0,88.0,67.0,45.0,63.0,67.0,70.0,99.0,38.0,57.0,50.0,81.0,68.0,75.0,59.0,36.0,27.0,92.0,73.0,46.0,42.0,52.0,78.0,84.0
20180501,184.0,72.0,78.0,62.0,63.0,131.0,79.0,56.0,,73.0,36.0,48.0,58.0,68.0,94.0,98.0,100.0,45.0,39.0,59.0,155.0,119.0,70.0,72.0,49.0,87.0,50.0,46.5,36.0,87.33333333333333,78.0,62.0,76.0,83.0,152.0
20180502,34.0,45.0,35.0,15.0,38.0,43.0,43.0,51.0,,40.0,39.0,37.0,58.0,62.5,50.0,79.0,66.0,77.0,29.0,58.0,58.0,53.0,88.0,55.0,80.0,91.0,62.0,66.0,33.0,101.66666666666667,30.0,24.0,38.0,53.0,95.0
20180503,69.0,53.0,67.0,72.0,62.0,77.0,65.0,132.0,,108.0,69.0,60.0,94.0,74.0,129.0,85.0,63.0,83.0,86.0,63.0,119.0,79.0,109.0,57.0,154.0,42.0,36.0,80.0,72.0,116.0,78.0,73.0,78.0,83.0,74.0
20180504,149.0,117.0,160.0,160.0,151.0,186.0,162.0,214.0,,184.0,124.0,133.0,189.0,170.0,138.0,178.0,141.0,146.0,157.0,107.0,185.0,151.0,140.0,102.0,185.0,124.0,95.0,181.0,230.0,197.0,129.0,168.0,171.0,144.0,169.0
20180505,132.0,143.0,142.0,162.0,145.0,163.0,184.0,280.0,,159.0,166.0,180.0,190.0,249.0,200.0,509.0,140.0,175.0,321.0,322.0,161.0,106.0,235.0,96.0,169.0,73.0,368.0,482.0,307.0,390.0,155.0,154.0,153.0,147.0,171.0
20180506,172.0,162.0,203.0,244.0,169.0,246.0,170.0,239.0,,218.0,142.0,137.0,199.0,218.0,149.0,195.0,167.0,156.0,147.0,139.0,206.0,175.0,211.0,152.0,235.0,181.0,110.0,148.0,200.0,248.0,187.0,224.0,209.0,210.0,168.0
20180507,45.0,67.0,87.0,116.0,62.0,76.0,71.0,103.0,,91.0,65.0,67.0,85.0,139.0,60.0,109.0,148.0,73.0,116.0,80.0,28.0,121.0,171.0,104.0,186.0,103.0,73.0,68.0,68.0,194.5,79.0,68.0,89.0,99.0,84.0
20180508,43.0,77.0,67.0,122.5,61.0,67.0,82.0,79.5,,64.0,79.0,66.0,166.0,139.0,80.0,148.0,140.0,101.0,97.0,101.0,133.0,93.0,98.0,56.0,116.0,78.0,75.0,100.0,112.0,141.0,92.0,73.0,53.0,111.0,125.0
20180509,74.0,84.0,94.0,100.0,83.0,65.64285714285714,109.0,119.0,,149.0,93.0,92.0,191.0,109.0,86.0,146.0,110.0,103.0,117.0,77.0,150.0,112.0,130.0,70.0,119.0,86.0,80.0,159.0,157.0,170.0,96.0,107.0,105.0,96.0,99.0
20180510,103.0,120.0,197.0,173.0,132.0,129.0,154.0,172.0,,167.0,126.0,120.0,206.0,149.0,96.0,146.0,138.0,208.0,188.0,108.0,187.0,131.0,165.0,144.0,203.0,146.0,91.0,112.0,160.0,190.0,149.0,135.0,117.0,142.0,120.0
20180511,80.34782608695652,130.0,141.0,145.0,104.0,123.0,119.0,172.0,,146.83333333333334,100.0,124.0,149.0,142.0,102.0,142.0,136.0,126.0,150.0,136.83333333333334,136.0,104.42857142857143,111.0,81.0,143.0,94.5,79.6,127.0,149.0,145.0,132.0,130.0,129.0,151.0,133.0
20180512,53.333333333333336,101.0,108.85714285714285,86.0,39.0,35.0,72.72727272727273,58.0,,142.0,48.0,30.0,142.0,96.0,39.0,97.33333333333333,60.5,50.5,94.0,100.66666666666666,20.0,129.33333333333334,49.666666666666664,10.0,35.0,43.0,68.2,93.0,55.0,56.0,133.5,34.0,30.0,52.0,43.0
20180513,114.0,100.0,141.0,152.0,117.0,114.0,121.0,167.0,,152.0,107.0,119.0,174.0,141.0,81.42857142857143,143.0,98.0,103.0,133.0,77.33333333333333,114.0,83.0,140.0,82.0,134.0,88.0,56.8,114.0,141.0,155.0,135.0,149.0,120.0,132.0,125.0
20180514,78.0,77.66666666666667,86.66666666666667,104.33333333333334,70.0,81.0,82.5,187.0,,137.0,108.0,106.0,113.0,90.0,103.0,134.0,121.0,157.0,169.0,106.66666666666667,164.0,121.0,201.0,136.0,240.0,149.0,45.4,134.0,128.0,108.0,60.0,87.0,80.0,123.0,113.0
20180515,97.0,93.0,153.0,73.2,154.73684210526315,114.3529411764706,42.0,54.6,,45.714285714285715,21.0,103.0,47.0,131.8,63.4,66.6,115.0909090909091,108.33333333333333,33.0,39.0,90.66666666666667,112.5,132.2,118.14285714285714,221.5,112.66666666666666,34.0,106.33333333333333,100.66666666666667,173.0,76.0,43.0,42.0,99.0,62.0
20180516,102.0,73.0,122.0,87.0,105.0,92.0,113.0,49.4,,90.0,84.0,121.66666666666666,83.0,72.0,46.6,124.0,124.0,119.0,98.0,35.18181818181818,131.0,53.0,93.5,66.71428571428571,203.0,76.33333333333333,30.0,78.66666666666666,73.33333333333334,144.0,92.0,87.0,45.5,92.0,65.0
20180517,62.0,63.0,54.0,34.0,48.0,46.0,64.0,53.6,,53.0,50.0,43.0,74.0,74.0,44.0,52.0,30.0,64.0,56.0,45.0,69.0,61.0,48.0,35.0,64.0,40.0,26.0,51.0,46.0,71.0,46.0,62.0,49.0,59.0,68.0
20180518,91.0,62.0,60.0,67.0,65.0,66.0,65.0,72.0,,78.0,76.0,74.0,131.0,129.0,73.0,87.0,65.0,50.0,85.0,83.0,73.0,52.0,61.0,57.0,73.0,54.0,58.0,80.0,76.0,148.0,71.0,89.0,76.0,80.0,75.0
20180519,49.0,63.0,50.4,54.0,39.0,44.0,46.0,34.0,,42.333333333333336,32.666666666666664,41.333333333333336,43.0,136.0909090909091,41.0,67.0,59.0,51.0,43.333333333333336,53.0,50.0,56.0,43.4,43.0,53.0,70.0,66.0,65.0,52.0,35.0,40.0,100.0,90.0,88.0,71.0
20180520,134.0,110.0,107.0,141.0,62.0,106.0,69.0,53.0,,127.0,34.0,50.69230769230769,55.0,187.0,82.0,93.0,43.0,53.0,43.0,62.666666666666664,41.0,42.0,75.0,36.0,43.0,33.0,75.0,114.0,93.0,53.0,116.0,111.0,104.0,121.0,126.0
20180521,120.44444444444444,139.625,128.69565217391303,60.0,48.86666666666667,73.77777777777777,55.76470588235294,55.0,,158.6,74.0,98.61538461538461,33.0,237.9090909090909,159.0,58.0,202.39999999999998,185.8,35.125,35.0,185.71428571428572,22.0,213.0,117.6,193.5,232.0,26.0,163.0,114.5,195.0,162.5,147.5,154.0,54.0,172.5
20180522,292.0,172.0,173.0,176.0,216.0,230.0,148.0,236.0,,150.0,135.0,112.0,184.0,186.0,138.0,329.0,655.0,497.0,174.0,326.0,536.0,341.0,344.0,449.0,344.0,431.0,481.0,212.0,136.0,337.0,209.0,184.0,204.0,141.0,219.0
20180523,155.0,119.0,136.0,174.0,109.0,88.76923076923077,105.0,159.0,,136.0,103.0,120.0,166.0,175.0,130.0,183.0,145.0,148.0,86.0,98.0,135.0,126.0,150.0,116.0,106.0,116.0,121.0,191.0,141.0,183.0,149.0,138.0,141.0,133.0,164.5
20180524,153.0,115.0,150.0,152.0,122.0,143.0,176.0,170.0,,151.0,142.0,151.0,175.0,152.0,131.0,149.0,187.0,136.0,157.0,107.0,161.0,125.0,124.5,102.0,176.0,120.0,128.0,125.0,124.0,179.0,142.0,121.0,150.0,134.0,110.0
20180525,126.0,81.0,115.0,173.0,91.0,94.0,133.0,155.0,,167.0,112.0,113.0,176.0,153.0,116.0,106.0,109.0,172.0,131.0,126.0,129.0,111.0,153.0,108.0,153.0,146.0,146.0,138.0,160.0,185.0,138.0,128.0,107.0,106.0,95.0
20180526,145.0,108.0,132.0,100.0,129.0,108.0,145.0,159.0,,144.0,125.0,120.0,190.0,170.0,116.0,164.0,124.0,127.0,130.0,191.0,126.0,111.0,138.0,139.0,154.0,186.0,231.0,145.0,156.0,314.0,127.0,126.0,124.0,136.0,140.0
20180527,144.0,83.0,145.0,166.0,132.0,94.0,182.0,244.0,,141.0,114.0,108.0,169.0,138.0,109.0,141.0,138.0,144.0,67.0,107.0,174.0,116.0,93.0,104.0,136.0,147.0,119.0,181.0,138.0,155.0,128.0,118.0,127.0,130.0,102.0
20180528,51.0,68.0,45.0,45.0,33.0,57.0,33.0,76.0,,48.0,36.0,32.0,59.0,85.0,56.0,48.0,107.5,32.5,28.0,26.0,12.0,38.0,32.0,11.0,44.0,104.5,15.0,81.0,94.0,167.0,44.0,80.0,47.0,39.0,86.0
20180531,78.0,52.0,72.0,70.0,60.0,59.0,77.0,96.0,,86.0,67.0,76.0,132.0,68.0,91.0,84.0,74.0,6.0,90.0,89.0,96.0,32.0,83.0,56.0,87.0,62.0,27.0,131.0,147.0,159.0,74.0,62.0,66.0,77.0,56.0
20180601,79.0,48.0,88.0,88.0,81.0,59.0,90.0,91.0,,84.0,80.0,74.0,111.0,116.0,96.0,94.0,79.0,72.0,74.0,100.0,113.0,82.0,79.0,58.0,92.0,70.0,55.0,99.0,155.0,151.0,100.0,93.0,80.0,86.0,67.0
20180602,138.0,72.0,139.0,139.0,132.0,99.0,148.0,204.0,,154.0,112.0,123.0,183.0,151.0,127.0,136.0,113.0,150.0,169.0,65.0,88.0,93.0,125.0,121.0,153.0,93.0,99.0,141.0,163.0,143.0,131.0,121.0,131.0,108.0,102.0
20180603,107.0,70.0,89.0,101.0,95.0,92.0,118.0,134.0,,89.0,72.0,100.0,76.0,127.0,81.0,124.0,157.0,119.0,102.0,152.0,163.0,133.0,112.0,68.0,115.0,170.0,69.0,146.0,156.0,135.0,87.0,87.0,88.0,105.0,95.0
20180604,131.0,73.0,151.0,138.0,103.0,104.0,134.0,156.0,,135.0,121.0,117.0,151.0,141.0,103.0,127.0,117.0,106.0,125.0,113.0,86.0,84.0,93.0,97.0,106.0,85.0,126.0,146.0,149.0,166.0,140.0,127.0,127.0,101.0,104.0
20180605,158.0,101.0,147.0,28.0,141.0,121.0,143.0,126.0,,143.0,91.0,98.0,169.0,146.0,116.0,178.0,164.0,149.0,131.5,121.0,110.0,95.0,120.0,99.0,161.0,146.0,141.0,184.0,142.0,167.0,127.0,113.0,130.0,112.0,108.0
20180606,203.0,99.0,166.0,185.0,177.0,136.0,192.0,207.0,,192.0,146.0,137.0,221.0,276.0,159.0,216.0,157.0,145.0,174.0,123.0,166.0,151.0,131.0,113.0,168.0,165.0,132.0,219.0,227.0,309.0,150.0,131.0,161.0,169.0,152.0
20180607,66.0,75.0,55.0,72.0,48.0,37.0,51.0,116.0,,102.22222222222223,57.0,19.0,74.0,82.0,75.0,47.0,32.0,45.0,68.0,52.0,48.0,26.0,47.0,59.0,103.0,20.0,12.0,47.0,53.0,52.0,67.0,76.0,55.0,63.0,40.0
20180608,83.0,66.0,64.0,79.0,79.0,60.0,122.25,97.0,,103.0,71.0,89.0,122.0,80.0,69.0,108.0,75.0,73.0,113.0,30.0,73.0,51.0,69.0,34.0,166.0,48.0,28.0,76.0,67.0,175.0,75.0,82.0,68.0,80.0,58.0
20180611,95.0,73.0,77.0,81.0,89.0,70.0,77.0,106.0,,95.0,71.0,98.0,107.0,97.0,79.0,120.0,78.0,35.0,99.0,80.0,94.0,57.27272727272727,50.66666666666667,34.75,119.66666666666666,73.0,64.0,104.0,81.0,110.0,84.0,95.0,81.0,103.0,112.0
20180612,93.5,74.0,72.0,79.33333333333333,56.33333333333333,78.0,59.0,65.5,,89.0,49.0,82.5,80.0,93.0,75.0,90.54945054945055,62.0,104.0,83.5,53.0,66.0,94.0,61.0,25.375,73.33333333333333,44.0,42.0,95.0,109.0,87.0,68.5,83.5,63.0,84.0,62.0
20180613,41.0,17.0,37.0,24.0,35.0,60.0,43.0,28.0,,32.0,22.0,37.0,60.0,47.0,15.0,94.16483516483517,39.0,12.0,29.0,25.0,36.0,68.0,45.0,16.0,27.0,25.0,13.0,104.5,16.0,37.0,53.0,72.0,45.0,37.0,55.0
20180614,93.0,119.0,103.0,108.0,98.0,85.0,99.0,104.0,,139.0,80.0,76.0,101.0,142.0,94.0,97.78021978021978,94.0,60.0,88.0,39.0,49.0,46.0,51.0,50.0,104.0,20.0,23.0,114.0,29.5,188.0,123.0,122.0,121.0,122.0,86.0
20180615,75.0,59.0,43.0,77.0,65.0,63.0,78.0,38.0,,56.0,54.0,58.0,71.0,55.0,45.0,101.3956043956044,46.0,60.0,74.0,26.0,54.0,49.5,70.0,46.0,75.0,39.0,33.0,108.0,43.0,66.0,131.0,132.0,43.0,77.0,113.0
20180616,163.0,135.0,134.0,133.0,143.0,129.0,146.0,189.0,,131.0,107.0,109.0,176.0,164.0,118.0,105.01098901098901,126.0,108.0,136.0,110.0,111.0,94.0,83.2,97.0,91.5,104.0,49.5,188.0,166.0,81.0,139.0,142.0,137.0,129.0,140.0
20180617,94.0,59.333333333333336,85.0,82.0,97.0,71.33333333333333,90.0,134.5,,83.0,51.0,70.0,103.0,74.0,64.0,108.62637362637363,47.0,50.0,68.0,53.0,45.0,61.0,48.0,46.0,108.0,40.0,66.0,159.0,53.0,96.0,116.75,120.5,88.5,90.0,106.0
20180618,42.0,43.0,18.0,28.0,35.0,31.0,33.0,36.0,,46.333333333333336,6.0,28.0,38.0,46.0,39.0,112.24175824175825,49.0,47.5,28.0,97.0,97.8,118.0,22.0,23.0,129.5,42.5,82.5,130.0,48.0,109.0,94.5,99.0,40.0,48.0,39.0
20180619,69.0,62.0,76.0,73.0,69.0,67.0,91.0,115.66666666666667,,97.0,54.33333333333333,101.0,125.0,109.0,48.0,115.85714285714286,85.0,82.0,147.0,100.0,64.0,93.0,45.0,63.0,151.0,45.0,99.0,164.0,102.0,230.0,72.25,77.5,61.0,71.0,98.0
20180620,62.0,47.0,62.0,64.0,48.0,42.0,59.0,39.5,,69.0,65.0,57.0,89.0,51.0,56.0,119.47252747252747,117.0,64.0,77.0,45.0,92.0,74.0,58.0,37.0,63.0,50.0,62.0,71.0,60.0,196.0,50.0,56.0,71.0,54.0,32.0
20180621,94.0,84.0,67.0,90.0,92.0,61.0,113.0,211.0,,103.5,100.0,107.0,138.0,53.0,57.0,123.08791208791209,55.0,99.0,122.0,68.0,76.0,65.0,80.0,89.0,170.0,69.0,62.0,131.0,60.0,162.0,85.0,81.5,68.0,89.0,68.5
20180622,99.0,79.0,107.0,89.0,96.0,89.0,106.5,112.0,,90.0,84.0,95.0,116.0,105.0,65.0,126.7032967032967,50.0,72.0,87.0,79.0,79.0,78.0,70.33333333333333,75.0,100.0,86.5,77.0,132.0,90.0,103.0,92.0,107.0,111.0,94.0,105.0
20180623,122.0,116.0,119.0,118.0,121.0,125.0,150.0,215.0,,134.0,98.0,104.0,144.0,128.0,106.0,130.3186813186813,118.0,161.0,143.0,72.0,102.0,90.0,63.0,119.0,69.0,104.0,77.0,118.5,138.0,148.0,119.0,165.0,117.0,117.0,100.0
20180624,82.0,57.0,68.0,72.0,82.0,87.0,75.0,89.0,,330.0,62.0,67.0,93.0,47.0,54.0,133.93406593406593,102.0,89.0,97.0,44.0,109.0,73.0,76.2,100.0,145.0,92.0,52.0,105.0,79.0,101.0,66.0,149.625,43.0,89.0,85.0
20180625,155.0,169.0,154.0,164.0,136.0,137.0,146.0,167.0,,127.0,104.0,108.14285714285714,172.0,180.0,126.0,134.0,108.0,137.0,120.0,106.0,134.0,72.11111111111111,93.66666666666667,113.0,154.0,76.5,54.0,91.5,126.0,137.0,143.0,134.25,170.0,155.0,149.0
20180626,116.0,92.0,99.0,113.0,99.0,101.0,116.0,84.0,,110.0,114.0,88.0,100.0,72.0,78.0,90.0,58.0,50.0,94.0,131.0,68.0,48.0,106.0,78.0,74.0,61.0,56.0,78.0,95.0,147.0,106.0,118.875,104.0,119.0,116.0
20180627,34.0,29.0,35.0,43.0,28.0,36.0,52.0,80.0,,25.0,25.0,23.0,53.0,38.0,46.0,37.0,32.0,17.0,14.0,16.0,13.0,8.0,29.0,13.0,44.0,44.0,12.0,30.0,67.0,39.0,23.0,103.5,26.0,29.0,34.0
20180628,54.0,41.0,46.0,28.0,58.0,46.0,38.5,102.0,,57.0,55.0,51.0,82.0,74.0,51.0,59.0,88.0,45.0,45.0,37.0,37.0,30.0,145.0,116.0,135.0,27.0,43.0,86.0,113.0,195.0,51.0,88.125,47.0,45.0,59.0
20180629,87.0,55.0,70.0,54.0,62.0,62.0,70.0,74.0,,59.0,33.0,60.0,75.0,95.0,52.0,63.0,59.0,35.0,47.0,44.0,40.0,43.0,38.0,41.0,56.0,35.0,74.0,107.0,95.0,101.0,65.0,72.75,61.0,64.0,41.0
20180630,41.0,36.0,25.0,34.0,39.0,32.0,27.0,22.0,,28.0,34.0,60.42857142857143,50.0,53.0,126.0,39.0,66.38461538461539,24.0,53.0,46.0,20.0,22.0,44.0,25.0,108.0,28.0,83.0,120.0,90.0,82.0,35.0,57.375,45.0,34.0,37.0
20180701,49.0,61.0,42.0,65.0,47.0,56.0,69.0,107.0,,58.0,77.0,70.0,119.0,69.0,41.5,50.0,71.23076923076923,76.0,95.0,64.0,77.0,44.0,83.0,76.0,102.0,59.0,61.0,48.0,60.0,102.0,38.0,42.0,74.5,71.0,47.0
20180703,84.0,66.0,88.0,84.0,69.0,74.0,89.0,87.0,,73.0,60.0,66.0,79.0,101.0,66.0,87.0,71.0,77.66666666666667,75.0,57.0,89.0,84.0,66.0,68.0,121.0,97.0,63.0,57.0,134.0,92.0,87.0,75.0,104.0,84.0,64.0
20180704,121.0,115.0,98.0,115.0,98.0,107.0,103.0,147.0,,127.0,105.0,94.0,141.0,119.0,111.0,113.0,103.0,100.0,114.0,91.0,43.0,80.0,90.0,85.0,129.0,83.0,100.0,174.0,208.0,181.0,107.0,106.0,85.0,111.0,97.0
20180705,52.333333333333336,92.5,50.0,57.0,48.0,49.666666666666664,53.0,69.0,,48.0,50.0,64.0,51.0,40.0,62.333333333333336,52.0,47.199999999999996,40.0,72.0,48.0,15.0,19.0,58.0,40.0,34.0,44.0,37.0,108.0,88.0,151.0,56.0,84.5,74.0,63.0,53.0
20180706,81.0,79.0,73.0,82.0,76.0,78.0,88.0,85.0,,82.0,91.0,93.0,111.0,99.0,66.0,74.0,71.0,80.0,84.0,63.0,77.0,60.0,104.0,79.0,129.0,90.0,69.0,90.0,137.0,103.0,72.0,63.0,63.0,75.0,77.0
20180707,85.0,56.0,55.30769230769231,42.333333333333336,65.6470588235294,59.0,58.6875,65.0,,55.4,61.0,56.888888888888886,80.0,60.0,49.0,71.75,61.25,69.0,65.5,48.0,37.6,53.54545454545455,73.0,28.0,108.0,86.5,55.0,82.5,120.0,94.5,67.5,62.0,73.0,86.0,66.0
20180708,70.0,60.0,67.0,75.0,61.0,68.0,69.0,83.0,,71.0,64.0,66.0,81.0,73.0,55.0,80.0,46.2,70.0,63.0,56.42857142857143,79.0,46.22222222222222,43.0,56.0,87.0,83.0,41.0,75.0,103.0,86.0,63.0,61.0,83.0,76.0,55.0
20180709,70.4,37.0,67.66666666666667,28.0,48.0,45.45454545454545,26.0,61.0,,53.0,46.333333333333336,42.0,53.599999999999994,38.0,46.0,34.0,31.15,49.5,52.0,32.0,21.0,19.0,64.4,48.0,66.0,65.5,27.0,67.5,86.0,65.0,39.0,31.0,32.0,32.0,45.0
20180710,33.0,27.0,40.0,49.0,29.0,32.0,40.0,38.0,,45.0,39.0,35.0,63.0,52.0,22.0,44.0,38.0,30.0,45.0,37.0,54.0,48.0,55.0,42.0,53.0,48.0,36.0,60.0,69.0,44.0,40.0,44.0,55.0,52.0,30.0
20180711,32.333333333333336,26.5,42.0,35.375,42.44444444444444,38.095238095238095,32.57142857142857,51.77777777777778,,25.666666666666668,13.0,42.0,24.0,28.0,42.55555555555556,56.77777777777778,51.0,19.333333333333332,17.0,25.0,11.0,27.285714285714285,32.2,22.0,13.0,46.5,35.0,66.875,52.0,10.0,48.5,53.0,47.0,36.0,31.0
20180712,54.0,58.0,43.0,54.0,28.0,54.0,27.0,53.0,,55.0,40.0,39.0,58.0,58.0,60.0,56.666666666666664,41.69230769230769,36.0,34.0,49.0,43.0,36.0,22.0,32.0,39.0,45.0,34.0,73.75,35.0,55.0,57.0,62.0,39.0,68.0,86.0
20180713,20.8,54.6,18.923076923076923,57.333333333333336,74.81818181818181,68.8,69.0,68.5,,61.0,63.0,73.14285714285714,60.0,62.0,53.0,28.714285714285715,61.61538461538461,83.66666666666667,79.0,30.0,30.0,27.0,74.0,79.75,38.0,33.0,28.0,80.625,40.833333333333336,36.0,62.0,63.916666666666664,70.25,52.0,77.0
20180716,18.53333333333333,33.0,16.6,44.15384615384615,47.14814814814815,15.6,26.705882352941178,49.599999999999994,,7.0,11.0,6.0,19.0,21.0,9.666666666666666,19.0,6.0,11.0,20.333333333333332,17.4,17.0,13.0,6.0,9.5,37.0,30.0,31.5,87.5,46.666666666666664,17.0,63.8,65.83333333333333,101.5,7.0,8.0
20180717,29.0,31.0,30.0,62.0,77.70370370370371,28.0,29.0,26.0,,27.9,29.0,122.9,40.142857142857146,27.0,22.75,29.0,28.400000000000002,68.66666666666667,25.0,22.0,39.77777777777778,21.0,25.0,29.0,36.0,27.0,35.0,94.375,52.5,60.5,65.6,67.75,132.75,32.0,34.0
20180718,6.0,134.45454545454547,98.48,87.0,128.45454545454547,28.75,53.61538461538461,76.57142857142857,,45.05,51.166666666666664,105.05,63.625,152.0,36.45833333333333,40.66666666666667,50.800000000000004,83.75,41.15384615384615,101.0,85.0,32.76,39.230769230769226,56.66666666666667,58.33333333333333,22.5,32.5,101.25,58.33333333333333,104.0,67.4,69.66666666666667,164.0,173.0,189.0
20180719,69.22222222222223,105.71428571428572,97.0,126.06666666666666,56.53846153846154,37.8421052631579,78.23076923076923,40.8,,62.2,73.33333333333333,87.2,92.5,77.0,50.166666666666664,52.333333333333336,73.2,52.285714285714285,53.0,65.5,38.0,44.519999999999996,75.6923076923077,101.0,80.66666666666666,18.0,30.0,108.125,64.16666666666666,98.5,69.2,71.58333333333333,326.0,104.0,100.0
20180720,81.0,77.5,91.0,76.0,86.0,78.0,101.0,91.0,,100.0,93.0,105.0,132.0,71.0,54.0,88.0,90.66666666666667,85.0,93.0,77.8,84.85714285714286,56.28,105.0,108.0,103.0,39.0,27.5,115.0,70.0,93.0,71.0,73.5,91.0,91.0,89.0
20180721,73.0,71.0,57.0,54.0,61.0,56.0,53.0,54.0,,90.0,101.0,60.0,152.0,77.0,55.0,133.0,119.0,35.0,35.0,95.0,73.0,74.4,32.0,64.0,58.0,6.0,25.0,78.0,98.0,99.0,55.0,75.41666666666667,61.0,72.0,68.0
20180722,52.0,61.0,55.0,52.0,51.0,43.0,56.0,29.0,,65.0,38.0,42.0,64.0,80.0,43.0,72.0,37.0,35.0,41.0,52.666666666666664,46.0,50.0,36.0,9.0,29.0,11.5,22.5,59.0,71.0,72.0,45.0,77.33333333333333,61.0,59.0,50.0
20180724,58.0,30.0,68.0,45.0,56.0,49.0,58.0,29.0,,46.0,61.0,60.0,69.0,35.0,25.0,47.0,32.0,37.0,88.0,14.0,23.0,21.0,23.75,29.0,31.0,17.0,20.0,35.0,35.0,92.0,42.0,79.25,65.0,51.0,44.0
20180725,31.0,35.0,29.0,32.0,27.0,25.0,26.0,50.0,,44.0,22.0,32.0,72.0,44.0,24.0,27.0,6.0,28.0,34.0,42.0,33.0,12.0,72.0,20.5,115.0,9.0,40.0,27.0,65.0,86.0,22.0,81.16666666666667,24.0,31.0,40.0
20180726,78.0,74.0,54.0,60.0,54.0,89.0,43.0,64.0,,63.0,38.0,48.0,94.0,74.0,67.0,64.0,55.0,43.0,50.0,48.0,51.0,46.0,51.0,33.0,44.0,66.0,60.0,48.0,84.0,160.0,85.0,83.08333333333334,52.0,49.0,63.0
20180727,92.0,78.0,93.0,86.0,101.0,87.0,77.0,96.0,,92.0,64.0,62.0,101.0,89.0,74.0,90.0,68.0,73.0,84.0,84.0,53.0,56.0,87.0,46.0,85.0,60.0,80.0,94.0,66.0,68.0,89.0,85.0,82.0,86.0,66.0
20180728,111.0,88.0,90.0,93.0,99.0,104.0,92.0,77.0,,99.0,80.0,81.0,126.0,119.0,79.0,123.0,69.0,76.0,66.0,96.0,71.0,72.0,75.0,50.0,92.0,76.0,78.0,140.0,107.0,98.0,103.0,97.0,92.0,94.0,103.0
20180729,104.0,89.0,97.0,93.0,103.0,87.0,78.0,115.0,,96.0,89.0,92.0,128.0,107.0,71.0,108.0,123.0,104.0,105.0,107.0,103.0,87.0,124.0,100.5,144.0,84.0,93.0,116.0,106.0,199.0,84.0,85.0,95.0,87.0,151.0
20180730,78.0,57.0,85.0,75.0,82.0,73.0,85.0,67.0,,95.0,64.0,73.0,105.0,75.0,59.0,72.0,79.0,112.0,69.0,84.0,116.0,99.0,118.0,61.0,155.0,84.0,83.0,85.0,72.0,108.0,70.0,77.0,114.0,78.0,92.0
20180731,100.0,77.0,70.0,97.0,96.0,103.0,72.0,97.0,,91.0,64.0,78.0,113.0,90.0,78.0,105.0,88.0,54.0,79.0,89.0,91.0,80.0,96.0,53.0,98.0,120.0,69.0,93.0,134.0,153.0,90.0,72.5,125.0,95.0,68.0
20180801,147.0,123.0,133.0,127.0,132.0,148.0,100.0,65.0,,93.0,85.0,71.0,123.0,118.0,123.0,154.0,121.0,54.0,77.0,105.0,137.0,123.0,102.0,88.0,126.0,121.0,73.66666666666667,90.5,83.0,100.0,128.0,68.0,136.0,103.0,81.5
20180802,131.0,106.0,79.0,109.0,102.0,116.0,75.0,88.0,,105.0,83.0,78.0,109.0,142.0,84.0,130.0,100.0,92.0,101.0,53.0,98.0,100.0,101.0,79.0,141.0,119.0,78.33333333333333,88.0,84.0,83.0,112.0,63.5,90.0,104.0,95.0
20180803,67.0,50.0,57.0,54.0,69.0,66.0,47.0,103.0,,65.0,41.0,72.0,83.0,59.0,61.0,87.0,86.0,90.0,91.0,94.0,106.0,71.0,82.0,68.0,145.0,91.0,83.0,109.0,101.0,80.75,97.0,59.0,92.0,67.0,49.0
20180804,88.0,78.0,85.0,106.0,76.0,91.0,93.0,119.0,,79.0,90.0,77.0,124.0,80.0,70.0,125.0,147.0,115.0,98.0,122.0,126.0,121.0,104.0,91.0,149.0,116.0,101.0,91.0,105.0,78.5,82.0,94.0,94.0,90.0,79.0
20180805,66.0,88.0,58.0,53.0,62.0,59.0,42.0,41.0,,60.0,33.5,45.0,45.57142857142857,74.0,48.0,56.0,47.0,37.0,21.0,51.0,52.0,59.0,59.0,31.0,39.0,61.0,53.0,67.0,74.0,76.25,51.0,53.0,49.0,65.0,60.0
20180806,98.0,80.0,97.0,82.0,89.0,78.0,81.0,80.0,,104.0,85.0,88.0,58.57142857142857,96.0,78.0,106.0,73.0,77.0,84.0,99.0,71.0,76.0,83.0,61.0,99.0,81.0,63.0,68.0,73.0,74.0,88.0,79.0,106.0,80.0,86.0
20180807,61.0,36.0,67.0,51.0,51.0,52.0,62.0,72.0,,92.0,75.0,85.375,71.16666666666667,38.0,27.0,46.0,67.0,59.0,79.0,38.0,53.0,49.0,55.0,46.25,89.0,63.5,22.0,57.0,68.75,71.75,50.0,43.0,56.0,81.0,73.0
20180808,35.0,27.857142857142858,21.0,18.0,26.0,26.0,24.0,34.0,,35.0,19.0,28.0,26.0,20.0,17.0,27.0,58.25,25.0,30.0,34.0,20.0,23.0,25.0,21.0,32.0,46.0,15.0,57.0,64.5,69.5,23.0,28.0,26.0,33.0,42.0
20180809,40.0,21.0,33.0,41.0,47.0,40.0,38.0,48.0,,46.0,33.0,33.0,58.0,41.0,36.0,32.0,47.333333333333336,54.0,44.0,42.0,59.0,64.0,37.0,36.0,63.0,37.0,42.0,57.0,60.25,67.25,34.0,31.0,44.0,41.0,60.5
20180810,73.0,57.0,50.0,49.0,73.0,71.0,41.0,55.0,,54.0,51.0,40.0,56.0,39.0,49.0,74.0,69.0,51.0,30.0,109.0,45.0,36.5,55.0,32.0,60.0,29.0,24.0,57.0,56.0,65.0,72.0,80.0,61.0,90.0,79.0
20180811,91.2,81.85714285714286,75.66666666666667,100.88235294117646,39.5,81.4,27.0,26.0,,79.33333333333333,30.0,33.733333333333334,68.42857142857143,52.0,38.0,78.5,14.0,27.0,26.5,15.0,17.0,11.0,17.0,18.0,19.0,39.0,22.0,57.0,54.0,81.0,93.33333333333333,92.66666666666667,68.33333333333333,77.5,62.0
20180812,77.0,75.1,67.66666666666667,78.3076923076923,54.53846153846154,65.0,42.0,45.0,,79.0,44.0,46.8,66.25,66.0,43.0,64.0,36.5,51.0,23.0,59.5,41.0,40.0,41.111111111111114,37.6,61.0,49.0,20.0,57.0,65.5,52.0,114.66666666666666,105.33333333333333,75.66666666666667,65.0,66.0
20180813,130.0,130.0,91.0,131.0,73.0,117.0,60.0,57.0,,85.0,63.0,71.0,72.0,140.0,90.0,94.0,106.0,59.0,19.5,56.0,66.0,71.0,52.4,50.0,64.5,59.0,18.0,58.0,77.0,57.0,136.0,118.0,83.0,116.0,120.0
20180814,33.0,32.333333333333336,6.0,32.0,30.0,32.0,28.0,25.0,,21.0,28.0,29.42857142857143,31.0,45.0,31.0,41.0,33.0,25.0,22.5,24.0,16.0,36.0,51.0,13.0,68.0,15.0,27.0,19.0,18.0,32.0,37.0,32.0,25.0,34.0,82.5
20180816,53.0,24.0,54.0,60.0,50.0,60.0,46.0,56.0,,73.0,47.0,42.0,30.0,71.0,67.0,83.0,47.0,49.0,33.0,29.0,20.0,54.0,56.0,23.0,169.0,38.0,21.0,35.0,57.0,62.0,55.0,49.0,70.0,63.0,45.0
20180817,91.0,73.0,88.0,110.0,85.0,86.0,70.0,66.0,,93.0,61.0,64.0,75.0,87.0,54.0,83.0,85.0,60.0,77.0,66.0,81.0,58.0,48.0,52.0,74.0,61.0,57.0,80.0,96.0,142.0,92.0,94.0,93.0,102.0,68.0
20180818,32.0,34.0,32.0,35.0,33.0,33.0,42.0,40.0,,34.0,28.0,28.0,31.0,62.0,34.0,33.0,29.0,46.0,26.0,50.0,24.0,50.0,36.0,20.0,58.0,18.0,17.0,40.0,86.0,157.0,30.0,44.0,49.0,33.0,36.0
20180819,27.0,20.0,27.0,19.0,25.0,28.333333333333332,19.0,38.0,,25.6,23.0,17.0,31.8,12.0,28.0,21.0,23.0,33.0,22.0,22.5,46.0,31.0,59.0,50.0,92.0,45.0,9.0,40.0,71.5,23.0,48.5,57.0,31.0,31.0,42.0
20180820,64.0,46.0,65.0,68.0,68.0,58.0,63.0,66.0,,66.0,63.0,60.0,57.0,75.0,56.0,73.0,72.0,28.0,63.0,48.0,34.0,44.0,79.0,33.0,126.0,30.0,43.0,40.0,57.0,92.0,67.0,70.0,79.0,60.0,42.0
20180821,52.0,35.0,68.0,62.0,53.0,55.0,70.0,64.0,,77.0,70.0,46.0,66.0,83.0,59.0,68.0,64.0,40.0,61.0,27.0,27.0,51.0,80.0,48.0,88.0,20.0,22.0,53.0,76.0,102.0,51.0,47.0,77.0,56.0,40.0
20180822,76.0,38.0,63.0,33.0,65.0,79.0,69.0,55.0,,101.0,71.0,47.0,60.0,89.0,59.0,66.0,69.0,31.0,37.0,76.0,29.0,73.0,106.0,20.0,35.0,31.0,25.0,61.0,67.0,80.0,43.0,75.0,72.0,65.0,106.0
20180823,50.0,37.0,54.0,49.0,72.0,58.0,65.0,26.0,,68.0,91.0,68.0,77.0,84.0,59.0,64.0,36.0,58.0,67.0,40.0,35.0,61.0,57.0,45.0,82.0,41.0,45.33333333333333,55.0,75.5,102.0,53.0,60.0,50.0,60.0,90.0
20180824,56.0,39.0,57.0,64.0,50.0,44.0,64.0,46.0,,52.0,55.0,55.0,43.0,69.0,60.0,87.0,23.0,26.0,47.0,31.0,19.0,37.0,49.0,14.0,72.0,19.0,65.66666666666666,84.0,84.0,105.0,48.0,48.0,59.0,72.0,29.0
20180825,101.0,92.0,110.0,103.0,114.0,101.0,119.0,126.0,,104.0,132.0,130.0,98.0,90.0,75.0,109.0,101.0,131.0,146.0,74.0,114.0,96.0,110.0,84.0,90.0,85.0,86.0,105.0,82.0,164.0,94.0,89.0,120.0,84.0,74.0
20180826,93.0,91.0,89.0,91.0,98.0,99.0,93.0,100.0,,109.0,95.0,94.0,118.0,91.0,86.0,106.0,101.0,110.0,113.0,82.0,106.0,103.0,97.0,73.0,67.0,90.0,74.0,158.0,80.0,138.0,85.0,88.0,94.0,88.0,91.0
20180827,81.0,75.0,84.0,99.0,85.0,74.0,70.0,72.0,,70.0,65.0,70.0,71.0,93.0,47.0,70.0,64.0,70.0,69.0,46.0,50.0,43.0,54.0,57.0,82.0,54.0,40.0,60.0,78.0,106.0,75.0,86.0,90.0,84.0,67.0
20180828,92.0,81.0,117.0,88.0,112.0,79.0,96.0,83.0,,125.0,94.0,83.0,108.0,95.0,82.0,115.0,79.0,67.0,64.0,57.0,57.0,79.0,48.333333333333336,62.0,97.0,33.0,29.0,74.0,92.0,112.0,68.0,55.0,133.0,113.0,84.0
20180829,43.0,41.0,39.0,49.0,49.0,42.0,47.0,64.0,,44.0,42.0,41.0,69.0,52.0,22.0,51.0,39.0,33.0,56.0,30.0,40.0,78.0,47.0,27.0,67.0,12.0,18.0,60.0,60.0,100.0,47.0,24.0,39.0,38.0,47.0
20180830,42.0,25.0,19.0,41.0,44.0,38.0,48.0,36.0,,25.0,23.0,40.0,47.0,32.0,22.0,41.0,40.0,39.0,33.0,26.0,33.0,52.0,69.0,29.6,64.0,14.0,35.0,37.0,30.0,32.0,40.0,51.0,46.0,32.0,45.0
20180831,74.0,46.0,49.0,70.0,73.0,65.0,64.0,56.5,,59.0,47.0,52.0,55.0,60.0,52.0,68.0,54.0,55.0,62.0,49.0,59.0,88.0,55.0,28.0,53.0,61.0,52.0,71.0,55.0,72.0,55.0,58.0,64.0,54.0,56.0
20180901,48.0,48.0,51.0,48.0,47.0,41.0,63.0,40.0,,65.0,46.0,61.0,78.0,76.0,30.53846153846154,51.0,33.0,47.0,61.0,40.0,44.0,37.0,32.0,36.0,25.0,42.66666666666667,38.0,72.0,71.0,81.0,49.0,57.0,58.0,69.0,62.0
20180902,80.5,67.44444444444444,41.8,73.125,70.125,59.0,63.25,48.0,,24.25,26.200000000000003,30.400000000000006,50.4,100.0,14.923076923076923,53.6,20.666666666666668,32.0,50.0,19.714285714285715,44.0,41.2,42.0,27.0,31.0,24.333333333333336,26.0,45.5,95.0,103.0,30.0,35.0,39.0,100.0,105.0
20180903,18.0,14.0,17.0,29.0,16.0,16.0,36.0,20.0,,20.0,17.0,8.0,16.0,22.0,13.0,19.0,11.0,24.0,19.0,19.0,10.0,13.0,33.0,14.0,13.0,6.0,14.0,19.0,29.0,125.0,11.0,13.0,20.0,24.0,10.0
20180904,52.0,34.0,53.0,43.0,28.0,49.0,45.0,48.0,,46.0,22.25,44.0,68.0,61.0,51.0,52.0,45.0,34.0,36.0,19.0,7.0,59.0,192.0,31.0,81.0,6.0,21.0,78.0,62.0,68.0,45.0,73.0,51.0,52.0,28.5
20180905,67.0,49.0,57.0,68.0,72.0,61.0,63.0,64.5,,64.0,58.0,43.0,80.0,58.0,56.0,73.0,42.0,53.0,42.0,71.0,60.0,54.0,83.0,42.0,61.0,6.0,38.0,54.0,60.0,105.0,57.0,72.0,64.0,60.0,47.0
20180906,6.0,30.0,24.0,14.0,21.0,26.0,24.0,29.0,,26.0,19.0,16.0,27.0,28.0,23.0,36.0,21.0,39.0,39.0,12.0,18.0,35.0,48.0,27.0,46.0,6.0,20.0,34.0,40.0,12.0,22.0,20.0,32.0,21.0,28.0
20180907,26.0,28.0,7.5,10.0,27.0,22.0,36.0,64.0,,34.0,26.0,25.0,40.0,45.0,24.0,42.0,14.0,17.0,35.0,19.0,15.0,30.0,23.0,8.0,34.0,6.0,19.0,64.0,48.0,48.0,21.0,24.0,23.0,26.0,26.0
20180908,62.0,40.0,32.0,49.0,53.0,52.0,61.0,93.0,,73.0,47.0,44.0,84.0,54.0,41.0,80.0,40.0,69.0,46.0,31.0,23.0,56.0,103.0,40.0,52.0,22.0,34.0,71.0,68.0,100.0,66.0,99.0,46.0,56.0,41.0
20180909,80.0,61.0,64.0,67.0,74.0,77.0,80.0,92.0,,89.0,82.0,76.0,123.0,79.0,57.0,109.0,75.0,87.0,82.0,45.0,60.0,77.0,85.0,41.0,110.0,55.0,57.0,151.0,72.0,127.0,81.0,106.0,73.0,85.0,67.0
20180910,99.0,63.0,77.0,83.0,86.0,86.0,106.0,84.0,,91.0,90.0,89.0,163.0,112.0,82.0,114.0,92.0,65.0,75.0,43.0,56.0,94.0,62.0,47.0,62.0,59.0,54.0,156.0,133.0,127.0,88.0,122.0,85.0,114.0,75.0
20180911,54.0,47.0,53.0,49.0,38.0,44.0,35.0,22.0,,52.0,80.0,34.0,95.0,106.0,65.0,45.0,13.0,11.0,50.0,19.0,23.5,21.0,16.0,33.75,57.8,63.5,37.0,96.0,120.0,109.0,48.0,78.0,48.0,104.0,82.0
20180912,107.0,97.0,90.0,93.0,102.0,109.0,94.0,86.0,,99.0,83.0,76.5,105.0,110.0,121.0,140.0,95.0,98.0,96.0,64.0,76.0,83.0,107.0,60.0,53.6,68.0,72.0,117.0,117.0,91.0,107.0,121.0,93.0,130.0,100.0
20180913,104.0,83.0,100.0,95.0,103.0,96.0,109.0,107.0,,132.0,124.0,110.0,148.0,100.0,101.0,135.0,107.0,101.0,152.0,70.0,102.0,98.0,135.0,50.0,49.4,77.0,76.0,119.0,137.0,220.0,103.0,132.0,111.0,129.0,98.5
20180914,120.0,106.0,120.0,117.0,124.0,119.0,141.0,133.0,,130.0,138.0,131.0,160.0,139.0,117.0,94.28571428571429,111.0,103.5,132.0,73.0,96.66666666666666,122.0,155.0,30.0,45.2,6.0,111.0,153.0,127.0,170.0,113.0,149.0,133.0,156.0,97.0
20180915,24.0,37.0,21.0,30.0,20.0,18.0,39.0,63.0,,30.0,24.0,24.0,61.0,78.0,50.0,80.95238095238095,30.0,41.0,18.0,47.0,29.0,16.0,64.0,41.0,41.0,13.5,22.0,71.0,64.0,73.0,98.0,14.0,14.0,50.0,22.0
20180916,81.0,48.0,66.0,66.0,70.0,73.0,69.0,104.0,,72.0,55.0,54.0,101.0,75.0,93.0,67.61904761904762,45.0,59.0,99.0,33.0,27.0,55.0,92.0,54.0,146.0,21.0,13.0,116.0,101.0,154.0,83.0,106.0,80.0,74.0,61.0
20180917,66.0,57.0,56.0,67.0,57.0,68.0,69.0,61.0,,90.0,98.0,61.0,84.0,61.0,95.0,79.0,65.0,50.0,56.0,32.0,27.0,75.0,90.0,33.0,44.0,36.0,41.0,76.0,116.0,142.0,58.0,68.0,58.0,85.0,54.0
20180918,71.0,65.0,70.0,74.0,72.0,73.0,69.0,84.0,,80.0,74.0,74.0,78.0,73.0,67.0,77.0,86.0,65.0,88.0,49.0,49.0,71.0,67.16216216216216,42.0,58.0,54.0,41.0,92.0,64.0,102.0,70.0,73.0,77.0,92.0,61.0
20180919,109.0,67.0,110.0,98.0,92.0,86.0,99.0,87.0,,128.0,95.0,85.0,126.0,110.0,71.0,105.0,74.0,59.0,78.0,72.0,45.0,86.0,61.486486486486484,44.0,56.166666666666664,58.0,62.0,68.0,122.0,130.0,108.0,132.0,112.0,123.0,126.0
20180920,75.0,64.0,86.0,78.0,93.0,76.0,88.0,81.0,,106.0,81.0,84.0,111.0,69.0,72.77777777777777,137.0,89.6,87.0,110.0,76.0,103.0,99.0,55.81081081081081,61.0,54.333333333333336,37.0,46.5,137.0,86.0,121.0,70.5,89.5,91.0,103.0,88.5
20180921,48.0,51.0,44.0,48.0,45.0,42.0,57.0,97.0,,50.0,46.0,32.0,65.0,61.0,52.0,57.0,36.0,35.0,42.0,20.0,19.0,31.0,50.13513513513514,56.0,52.5,16.0,31.0,74.0,63.0,100.0,33.0,47.0,39.0,52.0,51.0
20180922,34.0,39.0,41.0,33.0,32.0,29.0,41.0,53.0,,43.0,31.0,30.0,55.0,26.0,27.0,52.0,24.0,23.0,32.0,18.0,26.0,22.0,44.45945945945946,28.0,50.666666666666664,12.0,20.0,53.0,185.0,130.0,28.0,35.0,34.0,41.0,22.0
20180923,33.0,36.0,36.0,41.0,32.0,31.0,27.0,73.0,,36.0,25.0,22.0,29.0,37.0,33.0,37.0,24.0,41.0,26.0,15.0,20.0,33.0,38.78378378378378,66.0,48.833333333333336,17.0,7.0,47.0,37.0,102.0,31.0,62.0,32.0,36.0,21.0
20180924,42.0,44.0,48.0,50.0,44.0,45.0,53.0,93.0,,48.0,61.0,47.0,76.0,72.0,38.0,44.0,38.0,43.0,86.0,27.0,34.0,39.0,41.0,18.0,47.0,23.0,47.0,147.0,66.0,203.0,48.0,71.0,47.0,68.0,59.0
20180925,51.0,46.0,38.0,36.0,54.0,40.0,52.0,46.0,,62.0,73.0,55.0,55.0,56.0,65.0,36.0,60.0,43.0,40.0,44.0,56.0,62.0,61.0,47.0,63.0,37.0,31.0,66.0,86.0,96.0,40.0,43.0,53.0,57.0,41.0
20180926,56.0,68.0,58.0,66.0,72.0,68.0,60.0,72.0,,55.0,77.0,67.0,88.0,74.0,60.0,71.0,60.0,81.0,86.0,56.0,57.0,67.0,75.0,41.0,82.0,53.0,55.0,82.0,90.0,141.0,67.0,92.0,52.0,88.0,58.0
20180927,130.0,102.0,71.27272727272727,89.0,104.0,125.0,92.0,94.0,,97.0,97.6,100.4,135.0,127.0,105.0,122.0,79.0,93.8,103.0,61.0,75.16666666666667,57.285714285714285,68.0,42.2,67.0,36.33333333333333,51.0,131.0,156.0,121.0,104.0,73.0,105.0,147.0,136.0
20180928,3.666666666666667,50.75,48.75,45.875,67.125,46.333333333333336,27.0,19.0,,38.0,35.0,34.666666666666664,37.0,54.0,58.2,43.0,16.6,16.10000000000001,23.0,31.8,34.333333333333336,17.6,17.0,13.125,52.0,19.666666666666664,29.0,51.0,109.0,72.5,59.5,54.0,69.0,53.0,23.0
20180929,15.0,33.0,27.0,34.0,25.0,23.0,20.0,35.0,,15.0,12.0,10.0,19.0,27.0,23.0,28.0,5.0,29.0,4.0,7.0,17.0,4.0,43.0,9.625,74.0,3.0,7.0,17.0,17.0,24.0,15.0,35.0,33.0,37.0,31.0
20180930,11.0,16.0,14.0,18.0,11.0,14.0,23.0,30.0,,22.0,17.0,13.0,27.0,28.0,15.0,11.0,3.0,13.0,16.0,13.0,11.0,5.0,50.0,9.0,16.0,6.0,14.0,9.0,41.0,35.0,7.0,11.0,15.0,18.0,14.0
20181001,26.0,31.0,30.0,31.0,25.0,22.0,36.0,59.0,,28.0,32.0,16.0,44.0,17.0,22.0,36.0,16.0,22.0,21.0,15.0,21.0,35.0,26.0,14.0,27.0,12.0,18.0,60.0,66.0,211.0,20.0,26.0,32.0,30.0,15.0
20181002,60.0,37.0,64.0,55.0,69.0,57.0,64.0,69.0,,78.0,26.0,81.0,118.0,87.0,71.0,109.0,53.0,43.0,53.0,44.0,32.0,81.0,123.0,33.0,129.0,23.0,24.0,63.0,172.0,161.0,91.0,107.0,47.0,100.0,44.0
20181003,57.0,44.0,52.0,53.0,84.0,51.0,71.0,84.0,,92.0,47.0,120.0,129.0,97.0,59.0,76.0,31.0,41.0,44.0,36.0,24.0,82.0,103.0,35.0,69.0,18.0,23.0,98.0,103.0,151.0,84.0,162.0,91.0,80.0,73.0
20181004,113.0,99.0,121.0,112.0,113.0,119.0,117.0,122.0,,141.0,130.0,145.0,172.0,125.0,88.0,98.0,92.0,53.5,98.0,48.0,97.0,123.0,151.0,76.0,98.0,87.0,59.5,118.0,133.0,201.0,82.0,119.0,108.0,149.0,120.0
20181005,135.0,131.0,129.0,121.0,126.0,125.0,135.0,104.0,,136.0,127.0,123.0,199.0,221.0,130.0,190.0,82.66666666666667,101.0,105.0,106.66666666666667,77.4,136.0,128.0,95.0,113.0,51.5,96.0,144.0,262.0,209.0,121.0,162.0,140.0,154.0,127.0
20181006,19.0,22.0,20.0,22.0,22.0,25.0,28.0,43.0,,21.0,26.0,12.0,28.0,22.0,15.0,34.0,40.0,64.0,17.0,24.0,17.0,28.0,51.0,21.0,70.0,16.0,17.0,41.0,22.0,115.0,20.0,19.0,30.0,18.0,20.0
20181007,55.0,35.0,53.0,53.0,62.0,56.0,100.0,82.0,,71.0,58.0,89.0,139.0,101.0,51.0,68.0,46.0,65.0,86.0,68.0,40.0,89.0,132.0,59.0,74.0,14.0,62.0,277.0,108.0,156.0,58.0,87.0,60.0,68.0,38.0
20181008,61.0,23.0,66.0,44.0,33.0,40.0,46.0,19.0,,66.0,40.0,33.0,128.0,106.0,69.0,82.0,42.0,43.0,33.0,37.0,19.0,21.0,79.0,15.0,76.0,13.0,24.0,96.0,111.0,115.0,33.0,77.0,41.0,78.0,36.0
20181009,14.0,17.0,19.0,14.0,21.0,14.0,31.0,42.0,,17.0,19.0,17.0,31.0,22.0,13.0,17.0,9.0,7.5,13.0,7.5,9.0,15.0,14.0,7.0,12.0,12.0,5.0,14.0,25.0,86.0,12.0,11.0,13.0,8.0,12.0
20181010,32.0,34.0,26.0,27.0,32.0,21.0,35.0,26.0,,23.0,33.0,18.0,45.0,37.0,58.0,41.0,25.0,10.0,23.0,18.0,11.0,15.0,15.0,12.0,32.0,11.0,16.0,66.0,149.0,157.0,25.0,30.0,30.0,25.0,31.0
20181011,62.0,53.0,62.0,58.0,65.0,63.0,68.0,74.0,,86.0,90.0,75.0,97.0,77.0,98.0,89.0,58.0,45.0,82.0,33.0,27.0,56.42857142857143,108.0,35.0,80.0,33.0,35.0,57.0,92.0,113.0,61.0,66.0,68.0,65.0,50.0
20181012,126.0,85.0,110.0,109.0,136.0,126.0,127.0,130.0,,142.0,107.0,114.0,162.0,136.0,94.0,151.0,108.0,99.0,157.0,74.0,66.0,109.0,134.0,67.0,212.0,82.0,82.0,343.0,161.0,331.0,131.0,150.0,129.0,145.0,143.0
20181013,155.0,102.0,119.33333333333333,127.0,150.0,134.0,147.0,120.0,,149.0,152.0,142.0,185.0,146.0,131.5,175.0,160.0,107.0,133.0,126.42857142857143,120.33333333333333,166.0,141.0,100.25,182.0,73.75,74.2,228.0,211.0,288.0,155.0,162.0,141.0,176.0,163.0
20181014,193.0,148.0,187.0,175.0,203.0,196.0,206.0,182.0,,214.0,214.0,198.0,224.0,179.0,160.0,208.0,111.88235294117646,148.0,178.0,130.42857142857142,125.0,236.0,207.0,139.0,137.0,65.5,66.4,197.0,274.0,309.0,176.0,188.0,197.0,229.0,233.0
20181015,142.28571428571428,116.41176470588235,119.6896551724138,128.68421052631578,133.33333333333334,134.1764705882353,100.70588235294117,121.0,,150.5,131.0,123.5,169.5,144.0,101.80000000000001,127.0,74.41176470588236,107.5,87.6,96.92857142857143,69.0,125.27272727272727,136.22222222222223,111.8,92.0,57.25,58.6,126.0,210.66666666666666,262.0,144.33333333333334,159.66666666666666,161.66666666666666,154.5,174.33333333333334
20181016,79.71428571428571,62.0,81.5,78.75,78.0,91.5,78.0,60.0,,78.0,71.0,78.33333333333333,78.0,63.0,60.33333333333333,60.2,65.0,64.5,99.0,61.333333333333336,71.0,82.0,89.0,28.0,47.0,49.0,50.8,55.0,147.33333333333331,215.0,112.66666666666666,131.33333333333334,126.33333333333333,80.0,115.66666666666667
20181017,71.0,47.0,65.0,61.0,93.0,54.0,74.0,56.0,,89.0,44.0,110.0,98.0,101.0,49.0,47.0,46.0,19.0,58.0,66.0,17.0,99.0,100.0,36.0,129.0,23.0,43.0,100.0,84.0,184.0,81.0,103.0,91.0,87.0,57.0
20181018,84.0,63.0,74.0,75.0,92.0,67.66666666666667,101.0,62.0,,105.0,82.0,106.0,134.0,80.0,76.0,91.0,60.0,47.0,94.0,49.0,24.5,82.0,126.0,42.0,113.0,38.0,46.0,58.0,147.0,291.0,87.0,102.0,82.0,98.0,92.0
20181019,73.0,74.0,68.0,74.0,91.0,71.0,104.0,80.0,,112.0,94.0,93.0,127.0,80.0,77.0,118.0,86.0,64.0,122.0,60.333333333333336,37.0,122.0,122.0,51.0,154.0,44.0,33.0,138.0,100.0,281.0,109.0,130.0,100.0,119.0,125.0
20181020,103.0,79.0,91.0,92.0,115.0,95.0,105.0,127.0,,87.0,109.0,102.0,133.0,157.0,89.63636363636364,100.0,100.0,86.0,123.0,90.71428571428571,107.66666666666667,106.0,118.0,89.33333333333333,120.0,44.333333333333336,39.0,235.0,123.0,274.0,111.0,128.0,102.0,147.0,132.0
20181021,161.5,118.0,179.6086956521739,144.0,155.0,166.33333333333334,160.0,131.0,,177.0,149.0,150.0,197.0,198.0,151.36363636363637,192.0,143.9090909090909,139.9,176.0,65.21428571428572,142.33333333333334,147.8,153.0,118.0,66.0,44.666666666666664,45.0,182.0,165.0,287.0,159.0,96.5,170.0,268.0,257.0
20181022,77.0,54.0,65.0,70.0,65.0,63.0,68.0,79.0,,78.0,56.0,53.0,94.0,78.0,56.0,69.0,56.0,125.55,74.0,36.0,42.0,68.0,73.0,65.0,12.0,45.0,51.0,77.0,115.0,65.0,34.0,65.0,43.0,136.0,50.0
20181023,86.0,68.0,85.0,78.0,110.0,86.0,101.0,108.0,,107.0,100.0,89.0,123.0,79.0,94.0,116.0,88.0,111.2,132.0,38.0,45.0,89.0,104.0,55.0,67.0,32.0,51.0,222.0,99.0,152.0,74.0,96.0,95.0,97.0,74.0
20181024,143.0,107.0,129.0,143.0,186.0,133.0,141.0,206.0,,119.0,93.0,180.0,184.0,274.0,136.0,138.0,105.0,101.0,139.0,72.0,78.0,150.0,142.0,86.0,130.0,93.0,63.0,262.0,176.0,260.0,157.0,153.0,135.0,257.0,163.0
20181025,60.0,125.0,46.0,47.0,42.0,59.0,24.0,99.0,,91.0,93.0,97.0,104.0,122.0,135.33333333333334,176.0,32.2,41.0,104.0,39.42857142857143,100.5,126.33333333333334,45.0,39.0,31.0,55.5,45.5,152.0,184.0,206.0,94.5,84.0,79.0,196.0,116.0
20181026,35.0,34.0,34.0,29.0,32.0,29.0,25.0,37.0,,36.0,37.0,21.0,44.0,30.0,23.0,75.0,26.0,40.0,31.0,15.0,32.0,41.0,28.0,24.0,31.0,18.0,28.0,42.0,42.0,95.0,32.0,15.0,28.0,30.0,33.0
20181027,45.0,45.0,35.0,33.0,39.0,37.0,31.0,44.0,,85.0,51.0,55.0,126.0,118.0,83.0,61.0,29.0,47.0,48.0,16.0,24.0,37.0,37.0,34.0,32.0,19.0,24.0,101.0,112.0,189.0,33.0,25.0,45.0,76.0,34.0
20181028,19.0,23.0,15.0,31.0,14.0,16.0,11.0,20.0,,27.0,24.0,20.0,20.0,22.0,21.0,85.0,15.0,18.0,23.0,8.75,22.0,15.0,14.0,12.0,39.0,4.0,18.0,28.0,31.0,43.0,34.5,35.5,26.0,37.0,31.0
20181029,34.0,30.0,27.0,32.0,37.0,26.0,36.0,24.0,,40.0,17.0,37.0,30.0,33.0,40.0,59.0,17.0,15.0,27.0,24.0,10.0,29.0,99.0,14.0,54.0,9.0,12.0,73.0,111.0,93.0,36.0,46.0,26.0,45.0,25.0
20181030,56.0,53.0,57.0,60.0,67.0,56.0,94.0,72.0,,46.0,75.0,71.0,85.0,70.0,52.0,80.0,71.0,33.0,66.0,34.0,45.0,91.0,58.0,111.0,80.0,17.0,25.0,141.0,138.0,143.0,76.0,75.0,66.0,80.0,80.0
20181031,86.0,51.0,75.0,75.0,116.0,86.0,138.0,105.0,,123.0,61.0,137.0,154.0,152.0,84.0,102.0,86.0,48.0,117.0,49.0,34.0,121.0,169.0,50.0,87.0,24.0,13.0,232.0,120.0,186.0,108.0,142.0,106.0,95.0,98.0
20181101,161.0,111.0,137.0,148.0,182.0,142.0,171.0,160.0,,157.0,160.0,169.0,182.0,236.0,139.0,172.0,117.0,73.0,155.0,53.0,48.0,120.0,116.0,115.0,79.0,49.0,12.166666666666666,263.5,180.0,236.0,172.0,197.0,138.5,244.0,179.0
20181102,225.0,134.0,183.0,164.0,176.0,148.0,171.0,191.0,,206.0,161.85714285714286,210.0,254.0,278.0,133.5,162.0,93.0,192.0,178.0,47.25,132.8,199.0,187.0,189.0,71.0,41.0,11.333333333333334,295.0,197.0,287.0,172.0,198.0,171.0,233.0,227.0
20181103,178.5,82.0,214.5,132.4,229.0,121.0,236.0,186.14285714285714,,240.66666666666666,120.70588235294117,154.88235294117646,217.0,160.0,110.0,146.0,107.66666666666667,86.19999999999999,204.6,40.541666666666664,93.6,157.875,120.5,212.4,63.0,33.0,10.5,376.0,168.0,207.66666666666669,179.0,147.0,215.0,249.0,142.0
20181104,6.0,9.0,115.91666666666666,39.77777777777777,58.375,30.181818181818183,22.333333333333332,38.4,,103.25,72.52941176470588,82.41176470588235,85.57142857142858,75.66666666666667,121.5,122.44444444444444,63.333333333333336,45.57142857142857,27.6,33.83333333333333,54.400000000000006,51.5625,19.0,21.0,55.0,25.0,9.666666666666666,208.0,112.0,128.33333333333334,115.5,119.33333333333333,137.0,22.0,25.0
20181105,54.0,39.0,51.0,50.0,72.0,56.0,60.0,99.0,,57.0,45.0,49.0,42.0,52.0,58.0,75.0,35.0,46.0,82.0,49.0,35.0,62.0,153.0,44.0,136.0,17.0,8.833333333333332,40.0,56.0,49.0,52.0,91.66666666666666,59.0,61.0,33.5
20181106,47.0,25.0,50.0,54.0,67.0,51.0,54.0,68.0,,55.0,71.0,56.0,114.0,76.0,72.0,94.0,98.0,39.0,100.0,49.0,23.0,75.0,131.0,71.0,108.0,35.0,8.0,99.0,122.0,148.0,47.0,64.0,67.0,65.0,42.0
20181107,71.0,53.0,79.0,76.0,91.0,72.0,79.0,124.0,,88.0,82.0,88.0,109.0,78.0,81.0,126.0,98.0,60.0,117.0,60.0,55.0,114.0,138.0,81.0,94.0,47.0,59.0,214.0,132.0,127.0,67.0,76.0,78.0,96.0,74.0
20181108,140.0,122.0,135.0,113.0,160.0,137.0,176.0,165.0,,152.0,180.0,196.66666666666666,116.0,93.0,133.0,188.0,190.0,93.0,236.0,96.0,84.0,113.0,123.0,81.0,102.0,87.0,110.0,77.0,77.0,229.0,128.0,125.0,148.0,171.0,123.0
20181109,39.0,55.0,42.0,25.0,54.0,35.0,50.0,49.0,,47.0,43.0,32.0,36.0,46.0,42.0,64.0,35.0,26.0,45.0,22.0,26.0,28.0,76.0,4.0,89.0,20.0,35.0,70.0,53.0,128.0,29.0,40.0,33.0,40.0,41.0
20181110,62.0,44.0,59.0,58.0,85.0,76.0,66.0,141.0,,70.0,70.0,96.0,83.0,89.0,57.0,99.0,67.0,43.0,142.0,69.0,27.0,103.0,122.0,152.0,146.0,50.0,59.0,232.0,289.0,154.0,56.0,91.0,76.0,78.0,102.0
20181111,87.0,76.0,87.0,70.0,95.0,87.0,106.0,99.0,,117.0,121.0,107.0,138.0,93.5,112.0,94.0,123.0,97.0,130.5,72.0,84.0,124.0,108.0,72.0,109.0,82.0,74.0,328.5,116.0,173.0,83.0,82.0,94.0,107.0,89.0
20181112,158.5,128.57142857142858,150.14285714285714,138.0,182.0,150.5,172.0,178.0,,189.0,189.0,176.6,214.0,152.0,129.0,174.0,200.0,109.0,176.0,53.239999999999995,107.0,157.0,138.0,124.0,147.0,129.0,71.0,425.0,198.0,235.0,78.2,200.0,87.0,225.0,221.0
20181113,140.57142857142856,104.57142857142857,126.54054054054055,125.81818181818181,113.75,134.61290322580646,97.96774193548387,332.0,,124.66666666666666,74.75,112.13333333333333,129.8,139.66666666666666,88.0,130.4,161.54545454545456,265.0,70.8,34.48,72.0,98.66666666666666,102.15384615384616,200.6,122.66666666666667,87.0,68.0,247.0,135.66666666666666,212.0,73.4,136.0,80.0,308.0,292.0
20181114,61.485714285714266,54.28571428571429,63.4054054054054,68.60606060606061,60.78125,67.35483870967742,66.03225806451613,192.70000000000002,,59.33333333333333,37.5625,59.86666666666666,61.19999999999999,67.33333333333333,37.83333333333333,64.6,92.18181818181819,109.72727272727272,37.2,15.719999999999999,37.0,43.44444444444444,50.46153846153847,158.6,98.33333333333334,45.0,65.0,165.0,73.33333333333333,172.33333333333334,68.6,72.0,73.0,255.0,242.0
20181115,14.5,18.0,31.0,22.0,22.0,15.333333333333334,14.0,7.0,,24.0,17.0,22.0,17.0,25.0,4.5,22.0,22.81818181818184,12.0,15.0,8.0,22.0,2.666666666666667,8.0,10.0,74.0,3.0,62.0,75.0,11.0,132.66666666666669,63.8,8.0,66.0,34.0,151.0
20181116,56.0,56.0,59.0,58.0,91.0,61.0,72.0,195.0,,91.0,93.0,81.0,83.0,96.0,63.0,77.0,70.0,71.0,92.0,47.0,32.0,49.0,54.0,90.0,153.0,37.5,59.0,97.0,101.0,93.0,59.0,66.0,59.0,82.0,60.0
20181117,131.0,92.0,116.0,119.0,148.0,137.0,134.0,217.0,,138.0,111.0,134.0,159.0,128.0,154.0,137.0,124.0,77.0,120.0,63.0,61.666666666666664,97.0,181.0,79.0,90.0,72.0,79.0,232.0,156.0,159.0,126.0,171.0,138.0,138.0,141.0
20181118,84.0,66.0,77.0,67.0,85.5,80.0,76.0,793.0,,96.0,80.0,90.0,84.0,121.0,74.0,89.0,101.0,66.0,86.0,79.0,46.0,115.0,104.0,102.0,131.0,27.0,51.0,117.0,123.0,117.0,70.0,90.0,96.0,98.0,76.0
20181119,134.0,106.0,111.0,97.0,116.0,126.0,117.0,593.2857142857143,,116.0,118.0,174.0,202.0,245.0,189.0,163.0,173.0,93.0,129.0,97.0,78.0,183.0,116.0,78.0,205.0,122.0,87.5,277.0,209.0,186.0,109.0,152.0,93.0,150.0,146.0
20181120,97.0,86.0,110.0,105.0,105.0,77.0,121.0,457.28571428571433,,138.0,127.0,133.0,184.0,154.0,88.0,125.0,114.0,44.0,93.0,67.0,55.0,89.0,43.0,25.0,74.0,41.0,124.0,187.0,132.0,176.0,104.0,151.0,90.0,120.0,120.0
20181121,84.0,67.0,81.0,75.0,111.0,75.0,109.0,321.28571428571433,,107.0,83.0,103.0,115.0,109.0,101.0,103.0,104.0,60.0,75.0,71.0,44.0,85.0,57.0,75.0,113.0,13.0,72.0,84.0,108.0,146.0,88.0,130.0,78.0,110.0,68.0
20181122,66.0,72.0,102.0,96.0,122.0,66.0,112.0,138.0,,127.0,118.0,94.0,127.0,138.0,62.0,88.0,67.0,76.0,107.0,42.0,35.0,60.0,87.0,63.0,109.0,14.0,51.0,232.0,164.0,156.0,79.0,99.0,104.0,118.0,85.0
20181123,124.0,122.0,124.0,116.0,99.2,115.0,128.0,180.0,,117.0,104.0,131.0,124.0,139.0,109.0,122.0,99.0,123.0,110.0,89.0,93.0,87.0,211.0,118.0,173.0,76.0,57.4,145.0,182.0,234.0,118.0,129.0,122.0,141.0,140.0
20181124,167.0,174.0,178.0,172.0,202.0,184.0,190.0,218.0,,213.0,176.0,136.66666666666666,221.5,158.0,126.0,172.0,183.0,115.0,141.0,130.6,102.66666666666666,143.0,118.0,179.0,87.0,91.0,63.8,163.0,164.0,213.0,136.0,182.0,166.0,270.0,184.0
20181125,155.0,130.0,144.0,153.0,181.0,154.0,143.0,153.0,,167.0,131.0,126.0,157.0,187.0,149.0,160.0,185.0,99.0,142.0,167.0,76.0,162.0,109.0,104.0,167.0,167.0,70.2,328.0,230.0,189.0,154.0,193.0,143.0,213.0,151.0
20181126,295.9090909090909,558.25,315.5,304.0,385.0,313.6666666666667,290.0,359.0,,468.33333333333337,323.0,223.0,340.5,436.0,245.42857142857142,288.3333333333333,250.0,296.0,238.0,203.4,217.66666666666666,315.57142857142856,258.0,349.0,1141.0,150.0,76.6,336.0,243.5,407.0,151.0,178.0,146.0,465.0,389.0
20181127,172.0,106.0,169.0,154.0,228.0,166.0,184.0,259.0,,193.0,221.0,180.0,224.0,185.0,125.0,160.0,145.0,115.0,213.0,89.0,122.0,140.0,146.0,97.0,146.0,133.0,83.0,344.0,257.0,256.0,148.0,163.0,149.0,190.0,144.0
20181128,229.0,152.0,227.0,203.0,302.0,231.0,211.0,279.0,,256.0,200.0,201.0,223.0,207.0,155.0,201.0,207.0,185.0,196.0,99.0,167.0,171.0,319.0,208.0,238.0,144.0,174.0,246.0,237.0,200.0,181.0,215.0,199.0,289.0,254.0
20181129,143.0,112.0,149.0,140.0,195.0,140.0,159.0,200.0,,150.0,169.0,144.0,191.0,160.0,117.0,164.0,169.0,156.0,195.0,97.0,168.0,184.0,158.0,143.0,258.0,161.0,86.0,298.0,158.0,235.0,127.0,167.0,140.0,163.0,280.5
20181130,252.0,192.0,229.0,222.0,291.0,266.0,240.0,221.0,,278.0,205.0,255.0,273.0,335.0,227.0,273.0,189.0,144.0,201.0,128.0,135.0,153.0,188.0,153.0,112.0,125.0,122.0,416.0,288.0,290.0,242.0,298.0,195.0,324.0,307.0
20181201,267.0,243.0,281.0,275.0,346.0,271.0,295.0,246.0,,295.0,299.0,281.0,331.0,300.5,208.0,261.0,257.0,241.0,319.0,233.46153846153845,201.0,220.0,214.0,212.0,235.0,201.0,136.0,327.0,330.0,379.0,234.0,267.0,254.0,339.0,328.0
20181202,256.0,220.0,260.0,262.0,343.0,203.0,222.0,200.0,,274.0,221.0,229.0,338.0,301.0,153.0,217.0,210.4,203.0,210.0,325.53846153846155,217.85714285714286,177.0,206.0,156.0,187.0,133.0,101.0,228.5,273.0,290.0,144.0,203.0,251.0,401.0,264.0
20181203,80.0,82.0,86.0,85.0,94.0,85.0,90.0,145.0,,110.0,108.0,115.0,126.0,111.0,75.0,101.0,71.0,128.0,131.0,52.0,76.0,68.0,87.0,111.0,139.0,65.0,66.0,130.0,136.0,251.0,54.0,58.0,69.0,101.0,106.0
20181204,49.0,42.0,50.0,48.0,95.0,48.0,54.0,129.0,,61.0,55.0,84.0,62.0,87.0,51.0,61.0,97.0,50.0,67.0,63.0,58.0,93.0,82.0,52.0,81.0,53.0,57.0,138.0,123.0,134.0,42.0,33.0,41.0,62.0,71.0
20181205,130.0,99.0,123.0,106.0,155.0,126.0,133.0,181.0,,156.0,117.0,117.0,152.0,142.0,150.0,132.0,144.0,110.0,145.0,86.0,99.0,120.0,138.0,116.0,109.0,109.0,121.0,144.0,143.0,161.0,85.0,20.5,102.0,165.0,120.0
20181206,18.0,10.0,15.0,9.0,34.0,14.0,13.4,54.0,,22.0,22.0,20.0,31.0,28.0,92.14285714285714,32.0,18.0,16.0,18.0,16.0,9.0,15.0,15.0,10.0,26.0,38.0,30.0,22.0,31.0,24.0,2.0,8.0,81.5,20.0,11.0
20181207,72.0,76.0,73.0,52.0,82.0,70.0,73.0,79.0,,59.0,45.0,39.0,65.0,54.0,49.0,87.0,88.0,70.0,68.0,26.0,58.0,53.0,67.0,57.0,79.0,59.0,68.0,82.0,62.0,80.0,51.0,54.0,61.0,48.0,77.0
20181208,63.0,51.0,56.0,53.0,121.0,61.0,65.0,85.0,,66.0,74.0,56.0,78.0,89.0,78.0,69.0,55.0,36.0,92.0,39.0,36.0,43.0,52.0,63.0,50.0,27.0,28.0,67.0,76.0,145.0,61.0,57.0,62.0,77.0,66.0
20181209,108.0,124.0,121.0,104.0,86.0,106.0,99.0,107.0,,136.0,136.0,150.0,167.0,128.0,97.0,143.0,76.0,62.0,102.0,64.0,42.0,102.0,61.0,52.0,85.0,61.0,92.0,179.0,167.0,198.0,121.0,146.0,106.0,158.0,124.0
20181210,80.0,74.0,102.0,75.0,91.0,75.0,116.0,162.0,,136.0,88.0,128.0,159.0,112.0,79.0,82.0,99.0,91.0,128.0,59.0,77.0,103.0,121.0,142.0,156.0,82.0,61.5,159.0,183.0,147.0,71.0,98.0,118.0,110.0,131.0
20181211,45.0,36.0,33.0,28.0,46.0,37.0,44.0,80.0,,44.666666666666664,24.0,27.0,33.0,30.0,30.0,47.0,38.0,37.0,22.0,40.0,53.0,69.0,54.0,23.0,50.0,30.0,31.0,53.0,34.0,167.5,34.0,33.0,36.0,93.33333333333333,37.0
20181212,106.0,104.0,95.0,110.0,162.0,107.0,97.0,80.0,,157.0,103.0,70.0,140.0,196.0,149.0,146.0,91.0,96.0,138.0,57.0,81.0,115.0,94.28571428571429,184.0,130.0,35.0,83.0,155.0,174.0,188.0,109.0,134.0,99.0,76.66666666666666,99.0
20181213,18.0,46.0,32.0,29.0,72.0,44.0,69.0,85.0,,57.0,57.0,53.0,74.0,63.0,56.0,52.0,71.0,38.0,110.0,26.0,27.0,90.0,88.0,85.0,57.0,15.0,25.0,76.0,62.0,190.0,36.0,53.0,27.0,60.0,121.0
20181214,75.0,76.0,57.0,70.0,173.0,82.0,156.0,115.0,,89.0,113.0,105.0,104.0,69.0,87.0,92.0,136.0,132.0,141.0,21.6,86.0,143.0,99.0,80.0,141.0,93.0,61.0,202.0,93.0,206.0,86.0,106.0,124.0,108.0,91.0
20181215,155.0,156.0,148.0,150.0,159.0,182.0,155.0,209.0,,166.0,146.0,129.0,204.0,261.0,218.0,212.0,178.0,127.0,149.0,31.4,147.0,135.0,179.0,147.0,338.0,90.0,59.0,316.0,366.0,229.0,141.0,143.0,147.0,203.0,244.0
20181216,67.0,56.0,58.0,51.0,71.0,72.0,68.0,73.0,,57.33333333333333,60.0,44.0,205.0,233.0,124.0,79.0,88.0,70.0,72.0,22.0,55.0,49.0,66.0,66.0,95.0,43.0,57.0,279.0,340.0,231.0,43.0,32.0,53.0,155.0,66.0
20181217,80.0,66.0,72.0,71.0,94.0,70.0,104.0,86.0,,101.0,70.0,95.0,113.0,100.0,86.0,83.0,83.0,85.0,121.0,50.0,67.0,91.0,84.0,41.0,138.0,25.0,74.0,149.0,103.0,106.0,83.0,87.0,78.0,118.0,66.0
20181218,39.0,50.0,42.0,51.0,49.0,51.0,89.0,117.0,,51.0,104.0,53.0,134.0,76.0,60.0,65.0,39.0,51.0,109.0,37.0,30.0,58.0,102.0,37.0,63.0,16.0,36.0,131.0,111.0,152.0,48.0,76.0,71.0,77.0,100.0
20181219,65.0,84.0,90.0,5.0,85.0,74.0,108.0,122.0,,116.0,124.0,108.0,147.0,178.0,135.0,113.0,71.0,87.0,137.0,67.0,52.0,81.0,74.0,182.0,71.0,38.0,28.0,194.0,125.0,165.0,115.0,155.0,85.0,172.0,119.5
20181220,135.0,133.0,128.0,126.0,138.0,158.0,131.0,124.0,,139.0,132.0,114.0,143.0,147.0,140.0,147.0,134.0,116.0,127.0,85.0,107.0,138.0,116.0,154.0,124.0,93.0,100.0,167.0,158.0,171.0,133.0,122.0,133.0,158.0,139.0
20181221,127.0,123.0,134.0,145.0,196.0,136.0,166.0,171.0,,160.0,139.0,134.0,169.0,175.0,158.0,155.0,143.0,84.0,141.0,81.0,103.0,111.0,132.0,111.0,123.0,48.0,115.0,200.0,179.0,208.0,134.0,96.0,136.0,203.0,128.0
20181222,104.0,94.0,85.0,84.0,93.0,80.0,113.0,133.0,,104.0,85.0,103.0,160.0,199.0,59.0,84.0,83.0,129.0,322.0,76.0,104.0,100.0,84.0,115.0,98.0,74.0,75.0,187.0,212.0,189.0,68.0,70.0,83.0,70.0,57.0
20181223,69.0,60.0,70.0,73.0,111.0,80.0,82.0,80.0,,80.0,80.0,64.0,91.0,83.0,89.0,81.0,64.0,107.0,67.33333333333333,41.0,43.0,55.0,87.0,90.0,65.0,22.0,40.0,75.0,119.0,156.0,71.0,66.0,73.0,81.0,61.0
20181224,142.0,123.0,137.0,174.0,193.0,145.0,147.0,109.0,,153.0,136.0,115.0,167.0,152.0,142.0,174.0,196.0,44.5,118.0,61.0,61.0,102.0,114.0,73.0,74.0,75.0,111.0,236.0,172.0,181.0,144.0,147.0,142.0,174.0,137.0
20181225,27.0,36.0,30.0,35.0,30.0,47.0,37.0,130.0,,42.0,37.0,28.0,46.0,42.0,50.0,33.0,32.0,19.0,25.0,17.0,33.0,36.0,36.0,16.0,24.0,20.0,17.0,113.0,59.0,155.0,16.0,22.0,13.0,137.5,47.0
20181226,59.333333333333336,70.0,78.0,88.0,43.0,70.0,86.0,77.0,,89.0,73.0,58.0,78.0,86.0,85.0,74.0,47.0,37.0,51.0,28.0,23.0,55.0,25.0,24.0,24.0,22.0,33.0,122.0,73.0,70.0,75.0,67.0,89.0,101.0,59.0
20181227,63.0,76.0,47.0,63.0,95.0,61.0,63.0,49.0,,52.0,48.0,39.0,52.0,74.0,69.0,109.0,63.0,47.0,123.0,19.0,28.0,48.0,38.0,31.0,84.0,44.0,45.0,73.0,47.0,33.0,47.0,47.0,62.0,74.0,40.0
20181228,27.0,19.0,26.0,32.0,30.0,27.0,29.0,63.0,,28.0,31.0,21.0,71.0,41.0,43.0,29.0,42.0,28.0,21.0,39.0,31.0,53.0,50.0,23.0,51.0,30.0,48.25,108.0,78.0,120.0,31.0,29.0,30.0,47.0,28.0
20181229,37.0,38.0,32.0,32.0,47.0,51.0,53.0,49.0,,33.0,30.0,28.0,75.0,97.0,43.0,30.0,44.0,18.0,81.0,25.0,37.0,20.0,52.0,14.0,44.0,12.0,51.5,97.0,85.0,123.0,29.0,32.0,34.0,41.0,67.0
20181230,57.0,60.0,51.0,52.0,122.0,58.0,69.0,83.0,,69.0,60.0,70.0,71.0,59.0,100.0,50.0,63.0,45.0,150.0,42.0,26.0,65.0,78.0,102.0,101.0,25.0,54.75,112.0,115.0,85.0,57.0,50.0,53.0,78.0,45.0
20181231,89.0,94.0,80.0,90.0,88.0,99.0,83.0,99.0,,89.0,90.0,61.0,90.0,101.0,81.0,71.0,67.0,83.0,56.0,65.0,63.0,79.0,66.0,184.0,75.0,59.0,58.0,93.0,159.0,115.0,81.0,78.0,85.0,135.0,108.0
