date,东城区,西城区,朝阳区,海淀区,丰台区,石景山区,房山区,大兴区,通州区,顺义区,昌平区,门头沟区,平谷区,怀柔区,密云区,延庆区
20190101,9.90625,8.152777777777777,13.604166666666666,4.75,10.13888888888889,9.8125,7.979166666666667,9.152777777777777,11.770833333333334,5.6875,13.541666666666666,6.25,3.5833333333333335,15.458333333333334,3.0625,15.8125
20190102,11.555555555555555,12.284722222222221,15.840277777777779,8.020833333333334,12.034722222222221,10.708333333333334,8.5,13.909722222222221,13.3125,4.90625,10.666666666666666,5.833333333333333,3.375,4.041666666666667,2.5416666666666665,25.604166666666668
20190103,21.458333333333332,25.9375,27.4375,13.354166666666666,22.98611111111111,18.333333333333332,12.6875,17.055555555555554,20.541666666666668,11.3125,14.875,14.729166666666666,10.583333333333334,17.833333333333332,5.583333333333333,25.375
20190104,6.614583333333333,5.263888888888888,8.645833333333334,3.6666666666666665,5.569444444444444,5.083333333333333,5.916666666666667,5.222222222222222,8.104166666666666,3.7708333333333335,4.229166666666667,3.7083333333333335,1.8958333333333333,4.583333333333333,2.75,15.25
20190105,5.875,4.402777777777778,13.541666666666666,4.916666666666667,5.819444444444444,7.458333333333333,6.083333333333333,4.138888888888888,3.25,2.5625,7.6875,6.166666666666667,2.75,13.333333333333334,2.3333333333333335,12.791666666666666
20190106,14.072916666666666,14.25,17.34722222222222,7.416666666666667,15.236111111111112,11.958333333333334,9.958333333333334,24.902777777777775,13.0,9.916666666666666,7.541666666666667,10.208333333333334,7.083333333333333,7.416666666666667,4.375,28.25
20190107,9.375,7.777777777777778,16.17361111111111,4.8125,8.833333333333334,7.5,7.791666666666667,9.26388888888889,8.291666666666666,4.645833333333333,6.0625,5.125,1.8333333333333333,13.875,2.1875,24.6875
20190108,4.947916666666667,2.75,6.798611111111111,3.0833333333333335,2.7430555555555554,4.208333333333333,2.375,3.5,3.1458333333333335,2.4791666666666665,4.104166666666667,2.8333333333333335,1.5833333333333333,3.7083333333333335,1.4791666666666667,12.166666666666666
20190109,11.395833333333334,9.819444444444445,16.916666666666668,7.479166666666667,9.715277777777777,10.25,8.208333333333334,15.659722222222221,11.916666666666666,6.604166666666667,8.729166666666666,6.75,3.9166666666666665,17.104166666666668,3.0833333333333335,22.833333333333332
20190110,16.59375,16.84027777777778,18.78472222222222,10.3125,15.826388888888888,10.916666666666666,11.583333333333334,22.708333333333332,24.5,11.104166666666666,14.625,11.0,5.5,7.625,4.354166666666667,36.916666666666664
20190111,15.038194444444445,17.791666666666668,18.90277777777778,14.520833333333334,20.77777777777778,5.125,18.5625,29.152777777777775,21.0625,13.479166666666666,18.541666666666668,14.333333333333334,8.708333333333334,16.8125,5.666666666666667,36.729166666666664
20190112,13.260416666666666,15.694444444444445,20.72222222222222,10.375,15.222222222222221,6.708333333333333,10.791666666666666,10.402777777777777,13.895833333333334,10.916666666666666,16.229166666666668,6.25,8.541666666666666,10.416666666666666,6.375,22.104166666666668
20190113,5.895833333333333,5.402777777777778,9.944444444444445,3.4583333333333335,6.5,5.5,4.229166666666667,3.9166666666666665,4.25,4.520833333333333,4.875,2.75,2.2083333333333335,15.208333333333334,2.5,7.979166666666667
20190114,7.704861111111111,9.180555555555555,11.145833333333334,6.020833333333333,9.375,6.833333333333333,5.916666666666667,11.215277777777779,10.479166666666666,6.208333333333333,5.833333333333333,11.708333333333334,5.083333333333333,6.083333333333333,2.8125,11.3125
20190115,3.4166666666666665,2.2083333333333335,2.4166666666666665,1.8958333333333333,4.236111111111112,5.916666666666667,2.25,2.305555555555556,2.7083333333333335,2.6875,3.25,3.5,2.0416666666666665,13.75,2.0625,10.916666666666666
20190116,12.638888888888888,9.0625,10.25,5.666666666666667,10.472222222222223,9.166666666666666,9.041666666666666,19.229166666666668,16.125,6.25,14.854166666666666,6.416666666666667,5.25,6.416666666666667,2.7916666666666665,16.875
20190117,11.246527777777779,13.881944444444445,11.243055555555555,13.895833333333334,13.333333333333334,14.8125,8.916666666666666,16.083333333333332,12.979166666666666,5.6875,12.270833333333334,9.875,4.541666666666667,16.916666666666668,3.7916666666666665,18.3125
20190118,15.708333333333334,19.381944444444446,21.777777777777775,12.125,17.76388888888889,16.958333333333332,13.145833333333334,21.13888888888889,19.979166666666668,12.666666666666666,13.8125,12.333333333333334,10.791666666666666,9.8125,5.416666666666667,23.895833333333332
20190119,4.03125,3.611111111111111,3.5555555555555554,5.104166666666667,4.625,9.458333333333334,5.208333333333333,4.152777777777778,4.041666666666667,4.541666666666667,5.625,4.833333333333333,3.9583333333333335,14.375,2.9791666666666665,10.375
20190120,2.53125,2.388888888888889,2.5902777777777777,2.5,2.652777777777778,6.416666666666667,3.5,3.2916666666666665,3.125,3.7083333333333335,3.6875,1.9166666666666667,2.1666666666666665,4.0,1.9791666666666667,7.520833333333333
20190121,6.204861111111111,6.180555555555556,6.520833333333333,5.020833333333333,6.722222222222222,8.791666666666666,4.875,11.013888888888888,8.020833333333334,7.0,6.25,5.083333333333333,5.583333333333333,15.666666666666666,2.125,12.854166666666666
20190122,8.875,8.541666666666666,10.472222222222223,7.25,8.26388888888889,10.291666666666666,5.604166666666667,8.75,10.458333333333334,6.125,4.375,7.541666666666667,4.791666666666667,5.5,2.1666666666666665,14.729166666666666
20190123,5.291666666666667,6.430555555555556,6.166666666666667,7.583333333333333,7.680555555555556,11.708333333333334,8.395833333333334,6.375,5.25,4.3125,7.354166666666667,8.791666666666666,4.041666666666667,4.875,2.9583333333333335,19.5
20190124,11.474637681159422,10.615942028985506,14.73913043478261,9.304347826086957,10.36231884057971,8.282608695652174,10.08695652173913,12.768115942028986,19.956521739130434,10.0,8.456521739130435,6.739130434782608,8.173913043478262,8.891304347826088,5.173913043478261,11.978260869565217
20190125,3.784722222222222,3.944444444444444,4.125,3.375,3.3055555555555554,3.5833333333333335,3.875,3.5416666666666665,3.3958333333333335,3.25,3.9583333333333335,3.0,2.3333333333333335,3.6041666666666665,2.6041666666666665,6.9375
20190126,4.28125,4.583333333333333,4.902777777777778,4.1875,4.611111111111112,6.333333333333333,4.354166666666667,4.944444444444445,4.6875,4.729166666666667,6.375,4.416666666666667,4.75,4.041666666666667,2.875,10.333333333333334
20190127,11.875,11.041666666666666,13.375,6.1875,10.680555555555555,8.041666666666666,10.020833333333334,13.638888888888888,10.8125,8.770833333333334,7.1875,5.666666666666667,7.958333333333333,6.041666666666667,3.8333333333333335,9.416666666666666
20190128,7.184027777777778,6.611111111111111,6.472222222222222,4.229166666666667,6.708333333333333,5.791666666666667,6.708333333333333,7.326388888888889,5.916666666666667,4.6875,3.8958333333333335,5.375,2.2083333333333335,3.7083333333333335,1.9791666666666667,6.729166666666667
20190129,17.760416666666668,18.40277777777778,21.527777777777775,11.145833333333334,17.5,13.0,14.979166666666666,20.70138888888889,19.6875,13.708333333333334,9.5625,9.541666666666666,12.125,11.666666666666666,9.0,19.208333333333332
20190130,8.125,6.819444444444444,7.013888888888889,4.75,5.611111111111111,5.583333333333333,5.041666666666667,7.861111111111111,6.083333333333333,5.520833333333333,3.3125,4.583333333333333,3.4583333333333335,5.5,3.4583333333333335,7.020833333333333
20190131,6.175438596491228,5.166666666666667,5.350877192982456,4.026315789473684,4.385964912280701,4.947368421052632,5.421052631578948,4.631578947368421,4.894736842105263,3.6315789473684212,3.4473684210526314,4.7894736842105265,2.526315789473684,4.631578947368421,1.605263157894737,7.2368421052631575
20190201,9.100694444444445,7.784722222222222,9.902777777777777,8.166666666666666,8.430555555555555,6.958333333333333,6.520833333333333,11.0,11.270833333333334,6.395833333333333,4.6875,6.166666666666667,5.041666666666667,5.645833333333333,4.0625,8.3125
20190202,8.479166666666666,10.694444444444445,10.763888888888888,7.0625,9.041666666666666,8.208333333333334,5.770833333333333,5.694444444444444,5.5,4.208333333333333,5.020833333333333,6.958333333333333,4.125,5.166666666666667,2.6041666666666665,22.125
20190203,3.1666666666666665,2.305555555555556,2.6944444444444446,2.2083333333333335,2.6666666666666665,2.625,2.5,2.4722222222222223,2.6458333333333335,2.2916666666666665,2.8333333333333335,3.3333333333333335,1.4166666666666667,3.2083333333333335,1.6875,4.333333333333333
20190204,6.4772727272727275,4.409090909090909,5.5,5.931818181818182,4.621212121212121,5.681818181818182,6.954545454545454,6.318181818181818,9.272727272727273,6.136363636363637,5.363636363636363,5.636363636363637,5.954545454545454,5.681818181818182,2.7954545454545454,6.568181818181818
20190205,9.125,7.181818181818182,9.166666666666666,8.318181818181818,7.893939393939394,8.045454545454545,13.363636363636363,10.81060606060606,10.772727272727273,12.136363636363637,10.431818181818182,7.545454545454546,14.227272727272727,11.454545454545455,10.090909090909092,15.681818181818182
20190206,13.108695652173912,11.043478260869565,15.347826086956522,9.26086956521739,8.46376811594203,7.304347826086956,5.521739130434782,9.26086956521739,14.065217391304348,16.97826086956522,13.608695652173912,6.565217391304348,18.043478260869566,19.17391304347826,11.673913043478262,5.282608695652174
20190207,2.777777777777778,2.25,2.5277777777777777,3.0,1.75,3.1458333333333335,2.8958333333333335,1.7986111111111114,2.0625,2.7916666666666665,3.8541666666666665,2.25,1.375,3.875,2.1666666666666665,5.989583333333333
20190208,6.826086956521739,5.869565217391305,5.550724637681159,5.043478260869565,5.521739130434782,5.043478260869565,8.173913043478262,5.920289855072463,4.586956521739131,6.3478260869565215,4.804347826086956,6.260869565217392,6.086956521739131,7.0,5.065217391304348,3.5869565217391304
20190209,4.572916666666667,4.194444444444445,3.7083333333333335,3.8958333333333335,3.5833333333333335,3.2083333333333335,3.5416666666666665,3.1180555555555554,2.5625,2.25,6.479166666666667,3.625,2.4583333333333335,3.5625,1.8541666666666667,9.4375
20190210,6.621527777777778,4.972222222222222,6.083333333333333,4.583333333333333,6.194444444444444,6.5,6.3125,7.305555555555556,6.479166666666667,5.270833333333333,5.1875,5.458333333333333,6.0,3.8333333333333335,3.3125,8.729166666666666
20190211,10.40625,8.45138888888889,9.76388888888889,5.020833333333333,9.11111111111111,6.666666666666667,8.083333333333334,9.902777777777777,6.8125,4.958333333333333,5.645833333333333,4.875,5.208333333333333,4.541666666666667,2.625,6.166666666666667
20190212,8.614583333333334,8.895833333333334,8.319444444444445,3.1875,6.0,4.333333333333333,4.041666666666667,6.666666666666667,11.375,9.0,6.083333333333333,4.25,9.875,6.125,6.5,3.1875
20190213,3.7083333333333335,4.506944444444445,3.138888888888889,2.0625,3.25,3.2083333333333335,2.9791666666666665,2.388888888888889,3.5625,3.1458333333333335,2.9375,2.7916666666666665,3.5833333333333335,3.625,1.8958333333333333,5.020833333333333
20190214,6.475694444444444,3.590277777777778,5.694444444444444,3.1666666666666665,4.916666666666667,3.6875,3.3333333333333335,5.048611111111112,6.583333333333333,6.833333333333333,3.9375,3.0416666666666665,6.0,5.770833333333333,2.3541666666666665,3.5208333333333335
20190215,3.7083333333333335,1.8055555555555556,1.9444444444444446,3.0625,2.138888888888889,2.2083333333333335,2.4166666666666665,1.9861111111111114,2.4166666666666665,2.125,7.395833333333333,2.0,2.4166666666666665,2.2916666666666665,1.9166666666666667,3.8958333333333335
20190216,4.052083333333333,2.9166666666666665,3.0416666666666665,3.0625,2.5416666666666665,1.7916666666666667,2.1666666666666665,2.222222222222222,3.0833333333333335,5.958333333333333,4.270833333333333,2.4166666666666665,2.6666666666666665,3.1041666666666665,1.9375,8.083333333333334
20190217,4.90625,3.6666666666666665,3.652777777777778,3.2916666666666665,3.277777777777778,2.5416666666666665,3.0,3.3333333333333335,2.8541666666666665,3.8333333333333335,4.666666666666667,2.5416666666666665,1.9583333333333333,4.541666666666667,1.5833333333333333,10.416666666666666
20190218,7.5625,7.625,5.333333333333333,6.416666666666667,8.555555555555555,8.125,7.666666666666667,11.125,8.229166666666666,4.458333333333333,9.125,7.0,4.208333333333333,4.145833333333333,2.1875,10.958333333333334
20190219,4.569444444444445,5.152777777777778,4.472222222222222,5.083333333333333,4.527777777777778,5.041666666666667,3.5,3.236111111111111,5.666666666666667,5.395833333333333,5.791666666666667,5.125,4.708333333333333,5.291666666666667,2.875,5.979166666666667
20190220,4.190972222222222,4.354166666666667,3.4791666666666665,4.791666666666667,4.597222222222222,6.125,4.0625,3.409722222222222,3.1666666666666665,2.7916666666666665,7.958333333333333,6.5,2.0,3.5416666666666665,2.1041666666666665,11.270833333333334
20190221,5.569444444444444,5.409722222222222,5.666666666666667,4.770833333333333,4.965277777777778,5.5625,4.0,4.513888888888888,5.625,3.9375,6.9375,4.625,2.875,4.708333333333333,2.8541666666666665,15.291666666666666
20190222,6.729166666666667,5.819444444444444,7.604166666666667,4.625,6.930555555555556,6.583333333333333,4.270833333333333,5.791666666666667,7.270833333333333,6.208333333333333,7.458333333333333,4.916666666666667,6.208333333333333,5.270833333333333,3.3125,16.6875
20190223,8.947916666666666,10.01388888888889,11.986111111111112,5.625,9.152777777777777,8.625,7.104166666666667,8.506944444444445,15.208333333333334,7.666666666666667,6.833333333333333,6.083333333333333,6.666666666666667,6.0,4.166666666666667,10.291666666666666
20190224,5.989583333333333,4.972222222222222,7.888888888888889,3.8333333333333335,4.9375,5.125,4.916666666666667,5.347222222222222,5.958333333333333,5.979166666666667,5.645833333333333,5.041666666666667,5.645833333333333,4.229166666666667,1.875,9.125
20190225,9.614583333333334,9.479166666666666,12.888888888888888,6.416666666666667,9.402777777777777,8.541666666666666,9.0,12.069444444444445,16.875,11.958333333333334,5.958333333333333,4.958333333333333,12.583333333333334,5.354166666666667,2.7083333333333335,6.666666666666667
20190226,10.1875,11.979166666666666,12.708333333333334,8.916666666666666,10.902777777777779,10.75,8.833333333333334,10.354166666666666,13.895833333333334,9.083333333333334,8.208333333333334,8.020833333333334,8.25,8.5,5.875,7.333333333333333
20190227,9.822916666666666,9.472222222222223,10.854166666666666,6.6875,10.805555555555555,9.291666666666666,8.854166666666666,9.847222222222223,14.5625,6.958333333333333,6.333333333333333,7.625,5.916666666666667,5.916666666666667,2.7708333333333335,6.708333333333333
20190228,8.04861111111111,8.645833333333334,10.1875,5.0625,8.708333333333334,7.416666666666667,8.395833333333334,9.708333333333334,10.583333333333334,4.0,3.5625,4.645833333333333,3.2083333333333335,3.8125,2.4166666666666665,10.104166666666666
20190301,7.822916666666667,9.541666666666666,10.01388888888889,8.125,8.569444444444445,9.791666666666666,7.916666666666667,8.833333333333334,10.833333333333334,6.895833333333333,7.916666666666667,6.541666666666667,9.0,6.125,4.625,8.541666666666666
20190302,9.760416666666666,9.07638888888889,12.166666666666666,7.458333333333333,8.826388888888888,8.958333333333334,9.479166666666666,10.736111111111112,10.9375,6.791666666666667,7.854166666666667,7.604166666666667,6.666666666666667,5.895833333333333,4.770833333333333,12.833333333333334
20190303,11.71875,11.034722222222221,12.840277777777779,7.604166666666667,11.013888888888888,10.375,11.0625,14.048611111111112,12.604166666666666,7.666666666666667,8.0625,8.104166666666666,7.375,6.1875,5.166666666666667,12.208333333333334
20190304,6.53125,6.416666666666667,7.611111111111111,5.125,6.326388888888889,7.0,7.166666666666667,6.416666666666667,6.770833333333333,4.541666666666667,5.291666666666667,6.291666666666667,4.333333333333333,3.7916666666666665,2.4166666666666665,7.041666666666667
20190305,5.010416666666667,4.625,5.652777777777778,4.416666666666667,4.673611111111112,6.125,4.375,4.861111111111112,5.6875,4.208333333333333,3.8958333333333335,4.0,3.7083333333333335,3.625,2.3333333333333335,7.4375
20190306,2.045138888888889,2.611111111111111,1.9722222222222223,2.3125,2.388888888888889,1.6041666666666667,1.7916666666666667,2.25,2.5208333333333335,2.3125,2.375,2.375,1.5416666666666667,2.7916666666666665,1.8333333333333333,4.520833333333333
20190307,3.934027777777778,5.055555555555555,5.208333333333333,2.9375,4.0,4.229166666666667,4.833333333333333,3.0972222222222228,3.0833333333333335,2.3541666666666665,3.875,2.875,1.7083333333333333,2.4583333333333335,1.9791666666666667,6.604166666666667
20190308,10.614583333333334,9.73611111111111,10.916666666666666,7.645833333333333,11.611111111111112,9.125,9.6875,12.6875,9.395833333333334,6.541666666666667,6.895833333333333,7.354166666666667,6.75,5.125,4.770833333333333,8.270833333333334
20190309,10.6875,10.229166666666666,11.194444444444445,7.291666666666667,11.138888888888888,9.666666666666666,12.322916666666666,8.208333333333334,11.375,8.020833333333334,8.208333333333334,7.625,6.020833333333333,4.854166666666667,3.7083333333333335,7.270833333333333
20190310,6.4375,5.444444444444444,5.590277777777779,3.3333333333333335,5.805555555555556,3.7708333333333335,6.458333333333333,5.361111111111111,7.458333333333333,7.145833333333333,3.75,3.7083333333333335,7.458333333333333,5.041666666666667,4.458333333333333,2.125
20190311,3.4791666666666665,2.1944444444444446,2.6527777777777777,2.7291666666666665,2.3472222222222223,1.8333333333333333,2.5625,2.0347222222222223,2.3333333333333335,2.0416666666666665,2.4791666666666665,1.875,2.625,46.492149758454104,2.2708333333333335,3.0833333333333335
20190312,2.517361111111111,1.888888888888889,2.0972222222222223,1.7916666666666667,1.8333333333333333,1.8333333333333333,3.0416666666666665,1.5277777777777777,1.5,2.5416666666666665,2.3333333333333335,1.3333333333333333,2.5,119.06521739130436,2.625,2.9375
20190313,3.0555555555555554,2.013888888888889,3.034722222222222,1.75,3.152777777777778,1.5,2.5208333333333335,1.888888888888889,2.4583333333333335,2.4583333333333335,2.3333333333333335,1.75,2.25,95.76086956521739,2.4583333333333335,4.0
20190314,3.7430555555555554,2.236111111111111,3.159722222222222,2.1041666666666665,2.6805555555555554,2.0833333333333335,1.875,1.9305555555555556,3.5625,3.2291666666666665,2.7083333333333335,1.5833333333333333,2.7083333333333335,72.45652173913044,2.5416666666666665,4.791666666666667
20190315,3.2916666666666665,2.3333333333333335,2.1458333333333335,2.625,2.3541666666666665,3.125,2.2083333333333335,2.263888888888889,2.0833333333333335,1.75,2.7083333333333335,1.9375,1.875,49.15217391304348,1.9791666666666667,2.0833333333333335
20190316,5.15625,4.388888888888888,5.729166666666667,3.9166666666666665,4.298611111111112,4.395833333333333,3.9583333333333335,4.333333333333333,5.3125,3.25,2.6875,2.875,2.5,25.847826086956527,2.25,3.4375
20190317,7.75,7.013888888888889,10.020833333333334,6.208333333333333,7.208333333333333,5.916666666666667,5.479166666666667,7.166666666666667,9.145833333333334,9.604166666666666,6.3125,4.166666666666667,6.625,7.516908212560388,5.041666666666667,5.854166666666667
20190318,11.482638888888888,11.631944444444445,12.1875,9.9375,13.666666666666666,12.583333333333334,12.583333333333334,12.027777777777779,14.333333333333334,11.375,7.395833333333333,8.291666666666666,9.125,6.791666666666667,6.270833333333333,8.958333333333334
20190319,11.510416666666666,10.51388888888889,11.805555555555555,9.4375,12.180555555555555,9.666666666666666,11.3125,12.069444444444445,11.208333333333334,10.166666666666666,8.25,8.208333333333334,7.666666666666667,6.291666666666667,5.916666666666667,8.520833333333334
20190320,8.246527777777777,6.048611111111111,7.520833333333333,5.166666666666667,7.534722222222222,5.541666666666667,8.520833333333334,7.118055555555556,8.916666666666666,8.520833333333334,4.875,4.333333333333333,8.895833333333334,4.5,4.666666666666667,4.6875
20190321,2.46875,2.25,2.180555555555556,1.7083333333333333,2.375,1.4166666666666667,2.7708333333333335,2.361111111111111,2.1875,2.9583333333333335,2.4166666666666665,1.4583333333333333,2.8333333333333335,3.0,2.9583333333333335,2.75
20190322,3.3020833333333335,2.361111111111111,3.2430555555555554,2.625,2.576388888888889,1.6666666666666667,2.4583333333333335,2.722222222222222,2.6041666666666665,2.2083333333333335,2.5416666666666665,1.1666666666666667,2.3333333333333335,2.5416666666666665,2.5208333333333335,3.2708333333333335
20190323,3.1979166666666665,2.402777777777778,2.263888888888889,2.6875,3.201388888888889,2.2083333333333335,2.8333333333333335,2.361111111111111,1.6354166666666667,1.875,4.041666666666667,1.625,1.6666666666666667,2.375,2.1666666666666665,3.0416666666666665
20190324,8.364583333333334,6.402777777777778,7.131944444444444,4.895833333333333,7.986111111111111,5.958333333333333,6.6875,12.027777777777779,8.9375,5.291666666666667,3.8125,3.7083333333333335,4.791666666666667,3.3541666666666665,3.7708333333333335,6.6875
20190325,4.34375,3.6666666666666665,4.847222222222222,2.3333333333333335,4.847222222222222,2.0833333333333335,2.0833333333333335,4.034722222222222,5.166666666666667,2.2708333333333335,2.625,1.75,1.75,1.625,1.9375,4.583333333333333
20190326,9.63888888888889,8.04861111111111,10.909722222222221,7.364583333333333,8.194444444444445,8.75,7.041666666666667,8.3125,10.3125,14.541666666666666,11.0,7.166666666666667,10.895833333333334,10.041666666666666,8.166666666666666,8.604166666666666
20190327,8.253472222222223,6.590277777777778,9.0625,5.5,7.194444444444444,6.833333333333333,5.875,6.381944444444444,10.916666666666666,8.25,7.479166666666667,5.354166666666667,8.791666666666666,5.5625,4.604166666666667,8.166666666666666
20190328,7.152777777777778,5.388888888888889,7.0625,4.729166666666667,5.263888888888888,12.5625,3.7708333333333335,4.541666666666667,6.104166666666667,9.479166666666666,7.6875,3.6041666666666665,3.875,5.791666666666667,3.0,4.625
20190329,6.119565217391305,4.739130434782608,4.434782608695652,3.347826086956522,5.760869565217392,3.782608695652174,6.282608695652174,4.869565217391305,4.5,3.391304347826087,4.3478260869565215,3.5652173913043477,3.0,2.5217391304347827,2.5652173913043477,2.9782608695652173
20190330,2.7916666666666665,2.0972222222222223,2.6944444444444446,2.4791666666666665,2.493055555555556,2.6666666666666665,2.3125,2.4583333333333335,2.8333333333333335,2.5416666666666665,2.8125,1.75,2.75,2.9166666666666665,2.75,2.0833333333333335
20190331,2.9479166666666665,2.0,2.0277777777777777,2.2708333333333335,3.0,2.8333333333333335,2.5833333333333335,3.4444444444444446,2.625,2.0,2.25,1.5,1.9583333333333333,2.375,1.8541666666666667,3.6666666666666665
20190401,3.53125,2.055555555555556,2.847222222222222,2.1666666666666665,3.847222222222222,2.125,2.625,2.388888888888889,2.7916666666666665,3.0,1.9375,2.4166666666666665,1.875,2.8125,1.7291666666666667,4.9375
20190402,7.854166666666667,5.430555555555556,8.805555555555555,4.020833333333333,7.5625,5.541666666666667,6.666666666666667,8.375,11.770833333333334,6.729166666666667,2.5208333333333335,3.8333333333333335,5.916666666666667,4.708333333333333,3.9791666666666665,3.6875
20190403,9.91304347826087,8.007246376811594,10.115942028985506,8.521739130434783,9.22463768115942,9.695652173913043,9.065217391304348,8.91304347826087,9.0,8.956521739130435,7.0,8.217391304347826,7.434782608695652,6.0,7.021739130434782,4.934782608695652
20190404,12.340277777777779,7.965277777777778,9.61111111111111,6.375,11.013888888888888,7.895833333333333,11.583333333333334,17.291666666666668,15.020833333333334,8.625,5.458333333333333,5.729166666666667,8.416666666666666,5.208333333333333,5.1875,6.166666666666667
20190405,5.083333333333333,3.236111111111111,4.041666666666667,2.7916666666666665,4.375,3.5,2.9583333333333335,3.6666666666666665,4.416666666666667,3.9375,3.8541666666666665,2.75,5.416666666666667,3.0833333333333335,3.1458333333333335,4.604166666666667
20190406,7.979166666666667,5.590277777777778,8.20138888888889,3.6041666666666665,5.819444444444444,3.875,3.9583333333333335,8.51388888888889,14.083333333333334,9.666666666666666,5.520833333333333,2.5208333333333335,9.020833333333334,4.333333333333333,4.333333333333333,4.333333333333333
20190407,8.864583333333334,7.958333333333333,9.104166666666666,6.458333333333333,8.0,6.666666666666667,6.333333333333333,7.472222222222222,8.375,7.854166666666667,7.104166666666667,5.625,9.166666666666666,6.333333333333333,6.8125,6.458333333333333
20190408,13.489583333333334,13.027777777777779,15.104166666666666,9.5,11.986111111111112,9.875,10.416666666666666,13.798611111111112,19.520833333333332,15.75,8.854166666666666,7.770833333333333,8.541666666666666,9.291666666666666,6.833333333333333,6.729166666666667
20190409,3.5381944444444446,2.986111111111111,3.0694444444444446,2.0208333333333335,2.4166666666666665,1.9166666666666667,2.4583333333333335,2.6944444444444446,4.520833333333333,3.0208333333333335,2.8125,2.0833333333333335,3.5416666666666665,2.4166666666666665,2.4583333333333335,2.7708333333333335
20190410,3.90625,2.840277777777778,3.013888888888889,1.6875,2.3055555555555554,1.875,2.6041666666666665,2.423611111111111,2.8125,2.0416666666666665,3.6041666666666665,1.75,2.4583333333333335,2.4166666666666665,1.9791666666666667,3.1666666666666665
20190411,4.145833333333333,2.3125,2.972222222222222,1.7916666666666667,6.048611111111111,2.125,2.9375,4.020833333333333,4.895833333333333,3.1145833333333335,1.8125,1.4791666666666667,2.0833333333333335,2.25,1.8541666666666667,1.5833333333333333
20190412,5.40625,3.5416666666666665,4.597222222222222,3.0208333333333335,3.875,3.4791666666666665,3.9375,5.076388888888888,5.6875,4.4375,3.2291666666666665,5.5,3.375,3.0625,3.0833333333333335,2.125
20190413,5.489583333333333,4.270833333333333,4.840277777777778,3.4791666666666665,4.180555555555556,5.125,4.4375,4.4375,5.479166666666667,4.583333333333333,2.8541666666666665,2.7708333333333335,4.958333333333333,3.2083333333333335,2.6041666666666665,3.0416666666666665
20190414,3.5520833333333335,2.4722222222222223,2.736111111111111,2.6041666666666665,3.1805555555555554,2.4166666666666665,2.6875,3.090277777777778,2.7708333333333335,2.4791666666666665,2.0833333333333335,2.25,2.0416666666666665,1.9583333333333333,2.1875,3.0625
20190415,7.0625,6.423611111111111,7.541666666666667,5.729166666666667,7.465277777777778,9.0,9.5,9.722222222222223,9.625,6.208333333333333,4.375,6.291666666666667,3.2916666666666665,4.833333333333333,3.875,5.895833333333333
20190416,7.503472222222222,5.833333333333333,8.29861111111111,5.666666666666667,6.479166666666667,8.166666666666666,8.020833333333334,7.0625,8.833333333333334,7.125,4.708333333333333,5.166666666666667,4.5,6.666666666666667,5.020833333333333,4.395833333333333
20190417,10.996527777777779,8.51388888888889,10.958333333333334,7.354166666666667,10.652777777777777,10.666666666666666,14.791666666666666,9.520833333333334,10.520833333333334,12.9375,7.270833333333333,8.541666666666666,8.333333333333334,8.833333333333334,7.875,5.458333333333333
20190418,3.5069444444444446,3.25,3.5833333333333335,8.1875,3.4791666666666665,3.625,3.9375,3.597222222222222,4.125,3.9375,3.4791666666666665,2.7916666666666665,2.875,2.4166666666666665,3.0208333333333335,2.0416666666666665
20190419,4.416666666666667,2.923611111111111,4.083333333333333,2.9791666666666665,4.180555555555555,3.5625,3.1041666666666665,2.638888888888889,4.416666666666667,4.875,3.0833333333333335,3.4583333333333335,5.791666666666667,2.75,4.5625,2.2291666666666665
20190420,3.375,2.4583333333333335,2.375,2.1354166666666665,2.506944444444444,2.6041666666666665,2.0833333333333335,2.0,1.7916666666666667,2.2916666666666665,2.125,2.9166666666666665,1.5833333333333333,3.0,2.75,3.25
20190421,6.350694444444444,4.847222222222222,7.736111111111111,4.479166666666667,5.541666666666667,4.645833333333333,5.666666666666667,6.319444444444444,6.979166666666667,6.145833333333333,4.104166666666667,4.458333333333333,6.875,4.958333333333333,5.1875,2.5625
20190422,5.385416666666667,4.416666666666667,6.194444444444444,4.416666666666667,4.833333333333333,5.25,6.291666666666667,4.972222222222222,5.666666666666667,5.3125,3.7291666666666665,4.291666666666667,3.4583333333333335,3.7916666666666665,3.8958333333333335,3.5416666666666665
20190423,4.291666666666667,2.444444444444444,3.375,1.7916666666666667,3.0555555555555554,1.8333333333333333,2.2916666666666665,2.6666666666666665,2.0625,3.1041666666666665,1.9583333333333333,2.0,2.3333333333333335,2.375,2.4791666666666665,2.25
20190424,3.1458333333333335,2.111111111111111,2.6805555555555554,1.8541666666666667,2.555555555555556,2.0833333333333335,2.5625,2.6875,2.375,2.6458333333333335,2.1875,2.375,2.4166666666666665,2.2916666666666665,2.5416666666666665,2.3541666666666665
20190425,2.8819444444444446,2.722222222222222,1.9027777777777777,2.6666666666666665,2.236111111111111,3.0,1.9375,2.1666666666666665,2.5833333333333335,1.7291666666666667,2.6458333333333335,2.0,2.0,3.0,2.3541666666666665,2.9583333333333335
20190426,3.1770833333333335,3.0,1.9722222222222223,2.125,1.638888888888889,3.0,1.7708333333333333,1.9375,2.75,1.875,1.9375,2.7083333333333335,1.8333333333333333,3.0,2.7708333333333335,2.875
20190427,2.6354166666666665,2.673611111111111,2.625,2.5,2.013888888888889,2.125,1.5625,2.361111111111111,2.5833333333333335,2.5416666666666665,2.8333333333333335,2.8333333333333335,2.6666666666666665,2.9166666666666665,2.7083333333333335,2.9166666666666665
20190428,3.0,2.5694444444444446,2.5416666666666665,2.125,2.7708333333333335,1.6666666666666667,1.8125,2.2916666666666665,2.875,2.9583333333333335,3.0,3.0,3.0,3.0,2.9583333333333335,3.0
20190429,4.184027777777778,3.263888888888889,3.111111111111111,2.6458333333333335,3.1458333333333335,2.7916666666666665,4.770833333333333,3.527777777777778,3.3958333333333335,2.7291666666666665,2.1458333333333335,2.7916666666666665,2.2916666666666665,2.5208333333333335,2.4375,2.875
20190430,3.534722222222222,2.0833333333333335,2.5,2.3541666666666665,2.263888888888889,2.0416666666666665,2.7916666666666665,2.423611111111111,2.125,2.3333333333333335,2.5,2.125,3.0,1.2083333333333333,2.2083333333333335,2.4791666666666665
20190501,3.1770833333333335,2.0972222222222223,2.888888888888889,2.1458333333333335,2.638888888888889,2.9791666666666665,2.3958333333333335,2.430555555555556,2.6875,2.3541666666666665,3.25,2.5,1.1666666666666667,2.6666666666666665,2.0625,4.270833333333333
20190502,3.6666666666666665,2.8333333333333335,4.097222222222222,3.0416666666666665,3.263888888888889,5.625,3.7291666666666665,3.375,3.1875,2.5416666666666665,5.083333333333333,2.75,1.5416666666666667,2.3125,2.3541666666666665,4.229166666666667
20190503,9.614583333333334,8.25,8.791666666666666,6.020833333333333,8.409722222222223,8.333333333333334,11.125,12.791666666666666,11.895833333333334,7.166666666666667,5.229166666666667,6.791666666666667,5.166666666666667,3.625,5.041666666666667,4.458333333333333
20190504,8.302083333333334,8.444444444444445,8.534722222222223,5.916666666666667,7.847222222222222,8.0,9.6875,10.402777777777777,8.375,5.958333333333333,5.083333333333333,5.666666666666667,3.8333333333333335,3.5833333333333335,4.104166666666667,4.395833333333333
20190505,2.9270833333333335,1.8611111111111114,2.430555555555556,2.0416666666666665,2.4791666666666665,2.0,2.2083333333333335,1.9791666666666667,2.2291666666666665,1.9166666666666667,2.7291666666666665,2.1666666666666665,3.0,2.7083333333333335,2.5416666666666665,2.875
20190506,2.8125,2.201388888888889,3.236111111111111,2.125,2.6597222222222223,2.4583333333333335,2.3125,2.1944444444444446,2.4375,2.3333333333333335,2.875,1.625,2.75,2.25,2.9166666666666665,3.5
20190507,3.8541666666666665,2.826388888888889,3.347222222222222,2.6875,3.013888888888889,2.5416666666666665,2.7708333333333335,4.166666666666667,4.0,3.3541666666666665,3.4166666666666665,2.0,1.75,2.125,2.5625,4.145833333333333
20190508,6.795138888888889,5.951388888888889,7.208333333333333,4.520833333333333,5.868055555555556,6.041666666666667,7.958333333333333,10.590277777777777,10.166666666666666,9.1875,2.1875,3.5833333333333335,7.25,3.125,4.1875,4.583333333333333
20190509,4.184027777777778,3.0069444444444446,4.534722222222222,2.5625,3.2569444444444446,2.2083333333333335,3.2708333333333335,3.4930555555555554,3.3333333333333335,2.2708333333333335,4.104166666666667,1.8333333333333333,2.6666666666666665,2.8333333333333335,2.3125,2.9583333333333335
20190510,7.552083333333333,7.166666666666667,9.23611111111111,4.895833333333333,8.270833333333334,5.3125,9.9375,10.715277777777779,8.708333333333334,7.6875,5.8125,4.625,5.791666666666667,5.229166666666667,5.125,2.8541666666666665
20190511,6.9375,5.083333333333333,7.951388888888889,4.916666666666667,5.659722222222222,5.666666666666667,6.229166666666667,5.972222222222222,7.833333333333333,14.5,6.375,4.375,8.541666666666666,6.833333333333333,5.666666666666667,3.0833333333333335
20190512,4.857638888888888,4.520833333333333,6.569444444444444,3.2916666666666665,3.263888888888889,3.25,2.8125,5.402777777777778,7.9375,7.4375,3.3958333333333335,2.2916666666666665,4.333333333333333,2.7916666666666665,2.8541666666666665,2.6458333333333335
20190513,3.7118055555555554,2.6805555555555554,2.5902777777777777,2.3541666666666665,2.506944444444444,2.25,2.5625,2.486111111111111,2.0833333333333335,2.1666666666666665,3.0833333333333335,2.5833333333333335,1.8333333333333333,2.2083333333333335,2.5833333333333335,2.5
20190514,7.9375,7.236111111111111,8.8125,6.375,6.090277777777778,6.75,7.916666666666667,9.01388888888889,8.854166666666666,7.520833333333333,5.166666666666667,4.5625,6.291666666666667,4.0,5.0,2.6875
20190515,9.628472222222223,9.63888888888889,12.625,8.229166666666666,13.1875,10.583333333333334,10.416666666666666,10.38888888888889,11.083333333333334,13.541666666666666,8.0,9.375,12.5625,5.625,5.916666666666667,5.302083333333333
20190516,5.559027777777778,4.256944444444445,5.798611111111111,3.5208333333333335,4.083333333333333,5.375,5.583333333333333,4.847222222222222,4.645833333333333,4.083333333333333,3.8541666666666665,5.416666666666667,3.0416666666666665,2.4166666666666665,3.1041666666666665,2.0833333333333335
20190517,3.972222222222222,2.638888888888889,3.8055555555555554,3.25,3.1666666666666665,4.625,4.083333333333333,3.6875,3.8125,4.541666666666667,3.0416666666666665,4.25,4.791666666666667,2.5,2.8333333333333335,2.3958333333333335
20190518,2.869565217391304,2.0869565217391304,2.5942028985507246,2.717391304347826,2.6956521739130435,2.652173913043478,2.6739130434782608,3.014492753623188,2.4565217391304346,2.282608695652174,2.130434782608696,2.739130434782609,2.8260869565217392,3.0,2.8260869565217392,2.782608695652174
20190519,2.840277777777778,2.5972222222222223,2.7291666666666665,2.75,2.9166666666666665,3.0,2.9166666666666665,2.847222222222222,2.5833333333333335,2.7083333333333335,2.5416666666666665,2.5,3.625,2.9583333333333335,2.0625,2.625
20190520,2.6597222222222223,2.2222222222222223,1.6319444444444444,1.6458333333333333,2.555555555555556,3.0,2.6041666666666665,2.388888888888889,2.0625,2.375,2.2916666666666665,2.9166666666666665,2.9166666666666665,2.0833333333333335,1.7083333333333333,2.4791666666666665
20190521,3.2881944444444446,2.375,4.277777777777778,2.5833333333333335,3.263888888888889,1.75,2.3541666666666665,2.236111111111111,2.0,2.125,2.8125,2.7916666666666665,2.9166666666666665,2.375,2.5833333333333335,3.4583333333333335
20190522,3.6458333333333335,3.4166666666666665,5.069444444444445,2.3125,4.430555555555555,2.0,2.5,3.25,2.7916666666666665,2.1666666666666665,2.7291666666666665,1.9166666666666667,2.25,1.875,2.4791666666666665,4.958333333333333
20190523,4.322916666666667,3.652777777777778,5.555555555555556,2.875,3.5069444444444446,3.4166666666666665,3.6875,7.208333333333333,11.979166666666666,5.729166666666667,3.5416666666666665,2.125,5.333333333333333,3.1666666666666665,3.8125,4.541666666666667
20190524,5.760416666666667,6.458333333333333,8.055555555555555,5.5,6.152777777777778,7.208333333333333,7.333333333333333,6.895833333333333,6.208333333333333,7.104166666666667,7.354166666666667,4.916666666666667,6.75,3.9166666666666665,4.458333333333333,4.916666666666667
20190525,6.364583333333333,5.430555555555556,8.61111111111111,4.854166666666667,6.055555555555556,6.5,6.0625,6.611111111111111,6.104166666666667,8.791666666666666,5.583333333333333,5.25,6.833333333333333,3.4166666666666665,5.291666666666667,3.9791666666666665
20190526,5.25,3.5416666666666665,5.180555555555555,2.9583333333333335,3.652777777777778,3.9583333333333335,2.8333333333333335,3.722222222222222,4.895833333333333,5.729166666666667,3.0,3.3333333333333335,8.0,3.375,2.375,2.4375
20190527,2.9791666666666665,3.0,2.069444444444444,3.0,2.861111111111111,2.9166666666666665,5.916666666666667,2.861111111111111,2.875,2.3125,2.9166666666666665,2.9166666666666665,3.0,2.0416666666666665,2.5833333333333335,3.0
20190528,3.5729166666666665,2.4166666666666665,3.3194444444444446,2.75,3.4652777777777772,2.2916666666666665,2.2916666666666665,2.9305555555555554,2.75,2.1458333333333335,2.6041666666666665,2.5,1.9166666666666667,2.0,2.0208333333333335,3.5625
20190529,4.388888888888888,4.104166666666667,4.402777777777778,2.6875,3.277777777777778,2.4166666666666665,3.0416666666666665,5.277777777777778,5.666666666666667,3.9166666666666665,2.8541666666666665,2.875,3.7916666666666665,2.375,3.0625,2.8333333333333335
20190530,4.833333333333333,5.041666666666667,4.763888888888888,3.3125,4.604166666666667,4.958333333333333,6.375,6.548611111111111,6.25,3.2708333333333335,2.7916666666666665,3.4166666666666665,3.0833333333333335,2.2916666666666665,2.2083333333333335,2.6875
20190531,3.90625,2.6597222222222223,3.125,2.9583333333333335,2.9444444444444446,2.6666666666666665,3.9375,3.326388888888889,2.4166666666666665,2.375,2.2083333333333335,2.4583333333333335,2.9166666666666665,2.5833333333333335,2.2291666666666665,4.0625
20190601,6.333333333333333,4.694444444444445,6.305555555555556,4.083333333333333,5.069444444444444,5.416666666666667,5.916666666666667,6.583333333333333,6.0,5.479166666666667,2.8541666666666665,3.4166666666666665,4.375,3.0416666666666665,3.625,2.6875
20190602,5.979166666666667,4.138888888888888,4.861111111111112,3.6041666666666665,5.25,4.625,5.416666666666667,6.465277777777778,5.458333333333333,4.770833333333333,3.2708333333333335,4.333333333333333,6.041666666666667,2.7916666666666665,3.125,2.0625
20190603,3.8645833333333335,2.375,3.652777777777778,2.1875,2.2083333333333335,1.9375,2.0,2.0833333333333335,2.6666666666666665,3.3333333333333335,2.125,2.0,2.75,2.9166666666666665,2.3333333333333335,2.6458333333333335
20190604,7.361111111111111,6.611111111111111,8.541666666666666,5.229166666666667,5.291666666666667,5.25,3.125,4.541666666666667,6.645833333333333,9.520833333333334,7.104166666666667,4.416666666666667,8.833333333333334,5.75,3.7291666666666665,4.104166666666667
20190605,3.7430555555555554,2.576388888888889,4.173611111111112,2.8125,2.6944444444444446,2.4791666666666665,2.4583333333333335,4.861111111111112,5.583333333333333,3.5,1.8125,1.8333333333333333,4.75,1.5,8.1875,2.375
20190606,3.4270833333333335,2.125,3.6805555555555554,2.7291666666666665,2.375,2.4166666666666665,2.6041666666666665,2.5,2.3958333333333335,2.75,2.0,2.1666666666666665,2.5416666666666665,2.625,2.3333333333333335,2.3958333333333335
20190607,3.6159420289855073,2.072463768115942,3.0579710144927534,2.5652173913043477,2.1159420289855073,2.9130434782608696,2.6739130434782608,2.5217391304347827,2.5434782608695654,2.152173913043478,1.7173913043478262,3.0,2.8260869565217392,3.0,2.608695652173913,2.5434782608695654
20190608,3.2604166666666665,2.513888888888889,3.3333333333333335,2.3958333333333335,1.9166666666666667,1.9166666666666667,2.4583333333333335,2.4722222222222223,2.3541666666666665,2.25,2.2916666666666665,2.125,3.0,2.25,2.75,2.75
20190609,3.190972222222222,2.7083333333333335,3.138888888888889,2.625,2.111111111111111,1.7916666666666667,2.5,2.625,2.0416666666666665,2.7291666666666665,2.9166666666666665,2.0833333333333335,2.4166666666666665,3.0,2.6041666666666665,2.9166666666666665
20190610,4.0,2.638888888888889,3.652777777777778,2.5,2.3333333333333335,2.6666666666666665,2.375,3.0208333333333335,3.0625,2.7291666666666665,2.125,2.3333333333333335,4.0,2.3125,2.3541666666666665,2.8958333333333335
20190611,6.513888888888889,5.131944444444445,6.333333333333333,6.520833333333333,4.5625,6.166666666666667,4.625,5.194444444444445,4.333333333333333,7.395833333333333,4.875,5.041666666666667,7.083333333333333,5.875,3.625,3.2083333333333335
20190612,8.069444444444445,6.75,9.402777777777777,5.541666666666667,7.083333333333333,6.75,5.916666666666667,8.006944444444445,11.104166666666666,7.375,3.7291666666666665,5.833333333333333,10.333333333333334,3.3333333333333335,3.7291666666666665,2.8958333333333335
20190613,2.940972222222222,2.0833333333333335,3.263888888888889,2.0833333333333335,1.8472222222222223,2.125,2.625,1.736111111111111,2.2083333333333335,2.0833333333333335,2.4166666666666665,1.375,2.4166666666666665,3.0,3.0,3.5208333333333335
20190614,3.6493055555555554,3.027777777777778,4.638888888888888,2.5833333333333335,2.2777777777777777,2.5,2.1875,3.125,4.0,2.8958333333333335,2.3541666666666665,1.875,3.1666666666666665,3.0,2.6458333333333335,2.75
20190615,6.291666666666667,5.291666666666667,9.194444444444445,4.729166666666667,5.055555555555555,4.541666666666667,3.4166666666666665,6.013888888888889,9.375,6.916666666666667,3.75,3.375,6.458333333333333,3.375,5.041666666666667,2.8541666666666665
20190616,3.340277777777778,2.263888888888889,4.402777777777778,2.4791666666666665,1.9722222222222223,2.625,2.4791666666666665,2.569444444444444,3.0208333333333335,4.020833333333333,2.8541666666666665,2.4166666666666665,6.625,3.7083333333333335,2.5,2.8958333333333335
20190617,4.229166666666667,3.027777777777778,5.381944444444444,2.8333333333333335,2.7083333333333335,2.4583333333333335,2.7083333333333335,2.7708333333333335,3.7708333333333335,4.395833333333333,2.4791666666666665,1.9583333333333333,2.4166666666666665,2.0208333333333335,2.7291666666666665,3.0
20190618,4.717391304347826,3.1884057971014492,4.811594202898551,2.4347826086956523,2.782608695652174,2.5869565217391304,2.652173913043478,3.231884057971014,4.8478260869565215,3.108695652173913,2.608695652173913,2.5652173913043477,3.9565217391304346,2.0869565217391304,2.3043478260869565,2.739130434782609
20190619,6.684027777777778,6.305555555555556,9.909722222222223,5.0625,5.680555555555556,5.458333333333333,3.7916666666666665,4.680555555555555,7.5625,8.229166666666666,5.875,5.416666666666667,13.083333333333334,6.083333333333333,5.875,3.0625
20190620,3.659722222222222,2.7708333333333335,4.041666666666667,2.1458333333333335,2.125,1.4583333333333333,2.5208333333333335,1.6805555555555556,2.5625,2.7708333333333335,6.104166666666667,1.875,2.3333333333333335,2.6666666666666665,2.125,2.3333333333333335
20190621,4.711805555555555,5.625,9.777777777777777,4.6875,3.875,5.166666666666667,2.3333333333333335,3.409722222222222,5.854166666666667,7.770833333333333,7.229166666666667,4.0,6.041666666666667,5.25,4.645833333333333,3.6041666666666665
20190622,3.75,2.4027777777777777,3.6944444444444446,2.0833333333333335,2.0972222222222223,1.8958333333333333,2.4791666666666665,2.138888888888889,2.0625,1.9583333333333333,2.1458333333333335,1.4583333333333333,2.2916666666666665,2.5833333333333335,1.7291666666666667,2.25
20190623,9.802083333333334,7.416666666666667,9.527777777777777,5.25,5.916666666666667,5.833333333333333,5.0,7.256944444444444,7.583333333333333,9.0625,6.354166666666667,5.333333333333333,9.375,4.875,4.875,3.2916666666666665
20190624,5.8125,5.816666666666666,8.8,3.825,5.066666666666666,5.4,3.925,4.908333333333333,6.4,7.7,4.0,3.65,7.2,3.45,3.575,2.775
20190625,6.815217391304348,6.666666666666667,8.81159420289855,4.043478260869565,6.608695652173913,6.260869565217392,6.195652173913044,6.739130434782608,6.565217391304348,8.804347826086957,5.260869565217392,5.695652173913044,10.391304347826088,5.043478260869565,5.739130434782608,3.847826086956522
20190626,6.40625,5.243055555555555,9.25,4.583333333333333,5.194444444444445,5.458333333333333,3.4583333333333335,5.180555555555555,6.583333333333333,8.145833333333334,5.395833333333333,5.666666666666667,9.208333333333334,5.041666666666667,5.020833333333333,3.7083333333333335
20190627,6.53125,4.763888888888888,6.805555555555556,3.25,4.833333333333333,4.541666666666667,3.3541666666666665,4.527777777777778,5.270833333333333,7.395833333333333,4.083333333333333,4.833333333333333,7.25,3.9583333333333335,4.166666666666667,5.0
20190628,2.96875,2.25,3.3541666666666665,2.4375,2.5,2.0,2.3333333333333335,2.5416666666666665,3.0208333333333335,2.8125,2.7708333333333335,1.7916666666666667,2.8333333333333335,2.8333333333333335,2.8125,2.7083333333333335
20190629,3.298611111111111,2.0833333333333335,3.423611111111111,2.6041666666666665,2.152777777777778,1.7083333333333333,2.375,2.2222222222222223,2.2916666666666665,2.6458333333333335,2.8333333333333335,2.875,2.4166666666666665,2.75,2.9166666666666665,2.6458333333333335
20190630,3.40625,2.3194444444444446,3.4444444444444446,2.4791666666666665,2.0277777777777777,1.9583333333333333,2.6666666666666665,2.236111111111111,2.5416666666666665,3.0,3.1041666666666665,2.5833333333333335,2.8333333333333335,3.0,2.0833333333333335,2.8541666666666665
20190701,2.506944444444444,2.6666666666666665,3.597222222222222,2.5625,1.9305555555555556,2.0416666666666665,2.5,2.9583333333333335,2.625,2.5416666666666665,1.9166666666666667,1.875,2.0833333333333335,2.7291666666666665,1.875,3.0625
20190702,4.15625,2.8055555555555554,4.013888888888888,2.5833333333333335,2.194444444444444,2.4583333333333335,2.375,2.763888888888889,3.6458333333333335,4.083333333333333,1.6666666666666667,1.9583333333333333,5.145833333333333,2.4166666666666665,2.5208333333333335,2.0208333333333335
20190703,3.4756944444444446,3.0208333333333335,3.7430555555555554,2.625,1.7083333333333333,2.125,2.1875,2.013888888888889,2.6041666666666665,2.7083333333333335,2.6458333333333335,1.6666666666666667,2.1666666666666665,2.1666666666666665,2.6458333333333335,4.041666666666667
20190704,4.916666666666666,4.463768115942029,6.231884057971015,3.9130434782608696,3.7246376811594204,3.1739130434782608,4.065217391304348,6.884057971014493,3.782608695652174,4.586956521739131,2.8260869565217392,3.217391304347826,4.304347826086956,3.1739130434782608,3.391304347826087,2.0434782608695654
20190705,3.3958333333333335,1.9166666666666667,3.7083333333333335,2.9583333333333335,2.847222222222222,1.2916666666666667,2.5833333333333335,2.8055555555555554,2.7083333333333335,2.7916666666666665,2.375,3.0,4.208333333333333,2.5,2.375,2.375
20190706,2.6979166666666665,2.5,3.0416666666666665,2.8333333333333335,2.5694444444444446,2.4583333333333335,2.5833333333333335,3.0,2.9583333333333335,2.9166666666666665,2.5833333333333335,3.0,3.0,3.0,2.9166666666666665,2.6666666666666665
20190707,1.8854166666666667,2.6666666666666665,3.2916666666666665,3.0,2.8333333333333335,1.3333333333333333,2.9583333333333335,2.9166666666666665,2.7916666666666665,2.2708333333333335,2.8333333333333335,2.6666666666666665,3.0,3.0,2.5833333333333335,3.0
20190708,2.9375,2.305555555555556,3.534722222222222,2.75,2.4166666666666665,1.1666666666666667,2.4166666666666665,2.527777777777778,2.6875,2.4583333333333335,2.3333333333333335,2.5,3.0,2.2916666666666665,3.3958333333333335,2.8958333333333335
20190709,3.1145833333333335,2.486111111111111,3.2916666666666665,3.0,2.5972222222222223,1.0416666666666667,2.7708333333333335,2.5416666666666665,2.9166666666666665,2.5833333333333335,2.8333333333333335,3.0,3.0,1.8333333333333333,2.625,2.875
20190710,4.628472222222222,2.6666666666666665,5.736111111111111,2.6875,2.9583333333333335,2.25,2.3541666666666665,3.263888888888889,4.333333333333333,3.5208333333333335,2.4791666666666665,2.375,2.4583333333333335,2.75,2.8958333333333335,2.75
20190711,3.3659420289855073,2.4782608695652173,3.405797101449275,2.4130434782608696,2.347826086956522,2.9130434782608696,2.5434782608695654,2.2318840579710146,2.630434782608696,2.4782608695652173,2.152173913043478,2.5217391304347827,2.5217391304347827,2.8260869565217392,2.369565217391304,2.5217391304347827
20190712,3.402777777777778,2.5972222222222223,3.861111111111111,2.4583333333333335,2.236111111111111,1.6666666666666667,2.4583333333333335,3.0694444444444446,2.1458333333333335,2.0416666666666665,2.4583333333333335,2.9166666666666665,2.8333333333333335,2.8333333333333335,2.5,3.1875
20190713,5.21875,2.9305555555555554,5.430555555555556,2.875,2.9305555555555554,2.7916666666666665,2.7291666666666665,2.5972222222222223,3.5416666666666665,3.1666666666666665,2.6041666666666665,3.125,2.1666666666666665,2.75,3.7083333333333335,3.2291666666666665
20190714,3.2282608695652173,2.318840579710145,3.7753623188405796,2.0869565217391304,2.0,2.130434782608696,2.347826086956522,2.550724637681159,2.4347826086956523,2.1739130434782608,2.6739130434782608,1.7826086956521738,3.0,3.0,2.760869565217391,3.0
20190715,3.358695652173913,2.6376811594202896,3.9130434782608696,2.282608695652174,2.318840579710145,2.0,2.4565217391304346,2.333333333333333,2.3043478260869565,2.8043478260869565,2.4347826086956523,2.130434782608696,2.8260869565217392,2.0869565217391304,2.5217391304347827,2.9130434782608696
20190716,4.15,2.4,4.688888888888888,2.8666666666666667,2.577777777777778,3.4,2.6666666666666665,2.377777777777778,1.9,2.966666666666667,3.1333333333333333,2.6666666666666665,3.066666666666667,2.066666666666667,2.7,2.6333333333333333
20190717,3.201388888888889,2.888888888888889,3.638888888888889,3.0,2.388888888888889,1.9166666666666667,2.8333333333333335,2.9166666666666665,1.9583333333333333,2.0208333333333335,2.5416666666666665,3.0,2.9583333333333335,3.0,2.3958333333333335,2.875
20190718,2.628787878787879,2.8636363636363638,3.757575757575758,2.9545454545454546,2.575757575757576,2.6363636363636362,2.6818181818181817,2.8181818181818183,2.6818181818181817,2.272727272727273,2.2954545454545454,2.909090909090909,2.6363636363636362,2.8181818181818183,2.5454545454545454,2.227272727272727
20190719,2.8368055555555554,2.263888888888889,3.7291666666666665,2.5416666666666665,2.7083333333333335,1.8333333333333333,2.9583333333333335,2.513888888888889,2.2291666666666665,3.0625,2.25,2.6666666666666665,3.375,2.625,2.0833333333333335,2.3333333333333335
20190720,3.3333333333333335,2.4583333333333335,3.347222222222222,2.8333333333333335,2.722222222222222,2.75,3.0,2.013888888888889,2.4791666666666665,2.2291666666666665,2.9583333333333335,2.75,3.1666666666666665,2.75,1.6458333333333333,2.875
20190721,3.2083333333333335,3.1805555555555554,3.722222222222222,2.5416666666666665,2.375,1.875,2.9375,2.4166666666666665,2.7708333333333335,2.6458333333333335,2.7916666666666665,3.0,1.5416666666666667,3.0,2.5833333333333335,3.25
20190722,4.020833333333333,2.152777777777778,2.8958333333333335,4.125,2.555555555555556,2.75,3.0625,3.361111111111111,2.5625,2.8125,2.875,2.5833333333333335,2.2083333333333335,2.0,2.9583333333333335,2.5
20190723,4.270833333333333,2.6944444444444446,2.361111111111111,2.7916666666666665,2.4444444444444446,3.0,2.7916666666666665,3.0,2.8333333333333335,2.3333333333333335,2.4166666666666665,2.9166666666666665,3.0,1.0,2.8333333333333335,2.6041666666666665
20190724,4.145833333333333,2.9930555555555554,2.611111111111111,2.5833333333333335,2.3402777777777777,2.7083333333333335,2.7291666666666665,2.9305555555555554,2.5625,2.3958333333333335,3.5625,2.5833333333333335,2.375,2.8333333333333335,2.9583333333333335,3.25
20190725,3.923611111111111,3.0069444444444446,2.0833333333333335,2.4375,1.8333333333333333,2.5833333333333335,2.9583333333333335,2.3333333333333335,2.625,2.4375,6.0625,2.8333333333333335,2.6666666666666665,3.0,2.6458333333333335,2.4166666666666665
20190726,3.15625,2.8333333333333335,2.277777777777778,2.9166666666666665,2.2916666666666665,2.4166666666666665,5.041666666666667,2.763888888888889,2.6458333333333335,2.6041666666666665,2.5833333333333335,2.8333333333333335,2.4166666666666665,3.0,2.625,2.1458333333333335
20190727,3.5069444444444446,2.5416666666666665,2.861111111111111,4.375,2.6527777777777777,2.625,3.2708333333333335,2.8333333333333335,2.75,2.8125,2.6666666666666665,2.3333333333333335,2.5,2.3541666666666665,3.0,2.0208333333333335
20190728,3.6875,2.8541666666666665,2.6805555555555554,4.583333333333333,2.7083333333333335,2.6666666666666665,3.0,3.1666666666666665,3.0,2.6875,2.8958333333333335,3.0,2.1666666666666665,2.7916666666666665,2.7916666666666665,2.5
20190729,3.7065217391304346,2.971014492753623,3.0,2.869565217391304,2.376811594202899,3.0,3.0,2.9130434782608696,3.0,2.717391304347826,3.0,3.0,3.0,2.217391304347826,3.0,2.782608695652174
20190730,3.909722222222222,3.0,2.555555555555556,3.0625,2.0347222222222223,1.6666666666666667,3.4583333333333335,2.736111111111111,2.8333333333333335,3.0416666666666665,3.0833333333333335,3.0,2.75,2.8333333333333335,2.75,3.7291666666666665
20190731,3.4479166666666665,2.75,2.5416666666666665,2.5,2.236111111111111,1.5833333333333333,3.2291666666666665,2.4166666666666665,2.6666666666666665,2.5416666666666665,3.375,2.75,2.75,3.0,2.625,3.0
20190801,3.3819444444444446,2.243055555555556,2.125,2.7083333333333335,2.236111111111111,1.5833333333333333,2.8958333333333335,2.5277777777777777,2.7083333333333335,2.5833333333333335,2.3541666666666665,3.0,1.75,3.0,2.8541666666666665,2.6458333333333335
20190802,3.1630434782608696,2.8115942028985508,2.6231884057971016,2.4347826086956523,2.971014492753623,27.82608695652174,2.9130434782608696,3.0,2.9565217391304346,2.869565217391304,2.0,3.0,2.391304347826087,3.0,3.5434782608695654,2.0434782608695654
20190803,2.8645833333333335,2.9444444444444446,2.8333333333333335,2.6666666666666665,2.75,2.1458333333333335,3.0,2.9166666666666665,2.75,3.0,2.5,2.9166666666666665,3.0,3.0,3.0,2.125
20190804,2.7083333333333335,2.7916666666666665,2.3194444444444446,2.3541666666666665,2.361111111111111,1.875,3.0,2.6527777777777777,3.1458333333333335,2.6875,2.5416666666666665,2.75,3.4166666666666665,3.0,2.3958333333333335,2.4375
20190805,3.1354166666666665,2.9444444444444446,2.652777777777778,3.0,2.8194444444444446,2.8333333333333335,3.25,2.972222222222222,2.8333333333333335,2.8541666666666665,3.0,3.0,2.0833333333333335,3.0,1.7708333333333333,2.9583333333333335
20190806,3.3055555555555554,2.388888888888889,3.75,3.0,2.180555555555556,2.75,2.9583333333333335,3.0,2.9166666666666665,2.2708333333333335,2.9166666666666665,3.0,2.2916666666666665,1.0833333333333333,1.3541666666666667,2.9166666666666665
20190807,3.5381944444444446,3.027777777777778,2.840277777777778,2.7916666666666665,1.8472222222222223,2.8333333333333335,2.9166666666666665,2.6944444444444446,2.7916666666666665,2.9166666666666665,2.2916666666666665,2.875,1.9583333333333333,2.8333333333333335,2.5833333333333335,2.9166666666666665
20190808,3.678030303030303,2.893939393939394,2.3181818181818183,2.909090909090909,1.3333333333333333,3.0,3.0,2.2424242424242427,2.977272727272727,2.9545454545454546,2.227272727272727,1.2727272727272727,1.0909090909090908,3.0,2.6818181818181817,1.9318181818181819
20190809,3.204861111111111,2.888888888888889,2.7083333333333335,2.6458333333333335,2.055555555555556,1.7291666666666667,2.9791666666666665,2.430555555555556,2.7291666666666665,2.5208333333333335,2.6666666666666665,1.3333333333333333,2.0416666666666665,3.0,2.7916666666666665,2.8333333333333335
20190810,2.045138888888889,3.0,2.9305555555555554,2.3125,2.0972222222222223,1.25,3.0,3.0,3.0,3.0,3.0,2.9166666666666665,3.0,3.0,3.0,2.7916666666666665
20190811,4.423913043478261,2.5072463768115942,2.536231884057971,2.0869565217391304,2.3623188405797104,1.8695652173913044,3.0,2.9130434782608696,2.739130434782609,3.0,2.4565217391304346,2.5652173913043477,3.0,2.217391304347826,2.6739130434782608,2.6739130434782608
20190812,4.215909090909091,2.303030303030303,20.848484848484848,2.4545454545454546,2.484848484848485,2.5454545454545454,2.909090909090909,2.8106060606060606,2.772727272727273,2.6818181818181817,2.772727272727273,2.4545454545454546,2.6363636363636362,2.3636363636363638,2.25,2.8181818181818183
20190813,4.184782608695652,2.8260869565217392,3.0,2.9565217391304346,2.8260869565217392,2.9130434782608696,3.0,2.971014492753623,2.9130434782608696,2.652173913043478,2.9347826086956523,2.3043478260869565,2.652173913043478,2.8260869565217392,2.891304347826087,2.760869565217391
20190814,2.715277777777778,2.4375,2.388888888888889,2.5416666666666665,2.361111111111111,2.0,2.625,2.7083333333333335,2.5208333333333335,1.3125,2.9791666666666665,2.3333333333333335,2.9166666666666665,3.0,2.8958333333333335,3.4791666666666665
20190815,2.9456521739130435,2.13768115942029,2.6956521739130435,2.4130434782608696,2.318840579710145,2.347826086956522,2.4782608695652173,2.4782608695652173,2.217391304347826,2.4782608695652173,2.0652173913043477,2.8260869565217392,2.1739130434782608,2.8260869565217392,2.9130434782608696,2.9130434782608696
20190816,2.8368055555555554,2.263888888888889,2.555555555555556,2.6875,2.2916666666666665,2.4166666666666665,2.7083333333333335,2.861111111111111,2.7291666666666665,3.0,2.3541666666666665,2.75,3.0,3.0,3.0,2.6666666666666665
20190817,2.840277777777778,2.430555555555556,2.4583333333333335,2.5625,2.3472222222222223,1.7916666666666667,2.2916666666666665,2.444444444444444,2.4791666666666665,2.3333333333333335,2.7083333333333335,2.25,3.0,3.0,2.2916666666666665,4.333333333333333
20190818,3.0833333333333335,2.2083333333333335,3.347222222222222,2.5625,2.4166666666666665,1.6666666666666667,2.1875,2.3333333333333335,2.2708333333333335,1.8125,3.4166666666666665,3.0,2.0833333333333335,3.0,2.0416666666666665,3.3333333333333335
20190819,3.3541666666666665,3.222222222222222,4.180555555555555,2.9583333333333335,4.305555555555555,2.625,2.8333333333333335,3.875,3.1875,2.875,2.6666666666666665,2.9583333333333335,3.2083333333333335,2.2083333333333335,2.9166666666666665,2.4583333333333335
20190820,2.8958333333333335,2.902777777777778,3.8194444444444446,2.6666666666666665,2.722222222222222,2.2083333333333335,5.083333333333333,2.8333333333333335,2.7708333333333335,2.4166666666666665,2.6458333333333335,2.75,2.7916666666666665,1.7083333333333333,2.75,2.8125
20190821,2.7572463768115942,2.391304347826087,2.3405797101449277,3.0,2.289855072463768,2.0434782608695654,2.9130434782608696,2.8115942028985508,2.6956521739130435,2.4347826086956523,2.5,3.0,3.0,2.8260869565217392,3.0,2.3260869565217392
20190822,3.565972222222222,2.8333333333333335,3.277777777777778,2.5833333333333335,2.3333333333333335,1.6666666666666667,2.9583333333333335,2.569444444444444,2.4583333333333335,2.7083333333333335,3.125,2.5833333333333335,2.7916666666666665,2.7916666666666665,2.875,3.9583333333333335
20190823,2.9895833333333335,2.7083333333333335,2.75,2.625,2.444444444444444,2.3958333333333335,2.5,5.513888888888889,2.5833333333333335,2.7916666666666665,3.9375,2.5,2.1666666666666665,2.1666666666666665,2.875,5.333333333333333
20190824,3.03125,2.3333333333333335,3.361111111111111,2.2916666666666665,2.3472222222222223,1.75,2.4583333333333335,3.1666666666666665,2.7708333333333335,2.7083333333333335,2.5833333333333335,2.25,2.5,1.625,2.0833333333333335,2.5
20190825,2.723684210526316,2.0526315789473686,3.0526315789473686,2.973684210526316,2.280701754385965,1.3157894736842106,2.1315789473684212,2.245614035087719,1.9473684210526316,2.263157894736842,2.1578947368421053,2.0,1.9473684210526316,2.789473684210526,2.0,2.8421052631578947
20190826,2.992063492063492,1.9603174603174602,2.865079365079365,2.761904761904762,2.5714285714285716,1.5,2.0952380952380953,2.3968253968253967,2.4047619047619047,1.9761904761904763,1.9047619047619047,1.8571428571428572,1.8571428571428572,3.0,2.4761904761904763,2.3333333333333335
20190827,2.8333333333333335,2.125,2.5,2.5416666666666665,2.111111111111111,1.375,2.9583333333333335,2.5833333333333335,1.8333333333333333,2.3541666666666665,2.9791666666666665,1.875,3.0,2.1875,3.0,3.2083333333333335
20190828,3.076388888888889,2.3333333333333335,2.1041666666666665,2.2708333333333335,2.430555555555556,1.625,2.9166666666666665,2.527777777777778,1.8333333333333333,2.7916666666666665,2.8125,2.375,3.0,1.5833333333333333,2.875,3.4166666666666665
20190829,2.5104166666666665,2.3541666666666665,2.5972222222222223,2.5,2.236111111111111,2.25,6.395833333333333,2.763888888888889,2.9166666666666665,3.0,2.0208333333333335,2.0833333333333335,3.0,2.8333333333333335,2.9583333333333335,3.4166666666666665
20190830,2.7875,2.3833333333333333,2.2,1.875,2.1416666666666666,1.275,2.725,2.316666666666667,2.75,3.0,3.025,1.1,3.0,2.8,3.0,3.975
20190831,3.107142857142857,1.9206349206349207,3.412698412698413,2.6666666666666665,2.079365079365079,1.7142857142857142,2.5476190476190474,2.5714285714285716,2.3095238095238093,2.6904761904761907,2.5238095238095237,2.6666666666666665,2.0,2.9047619047619047,2.6666666666666665,2.3095238095238093
20190901,3.5729166666666665,2.5416666666666665,2.875,2.0416666666666665,2.9444444444444446,1.9583333333333333,2.3958333333333335,3.5,3.5833333333333335,2.5625,2.5,2.25,2.25,2.625,2.5625,2.4375
20190902,3.7934782608695654,2.391304347826087,3.471014492753623,2.5434782608695654,3.144927536231884,2.130434782608696,2.8260869565217392,2.898550724637681,2.9782608695652173,2.760869565217391,2.152173913043478,2.782608695652174,2.9565217391304346,2.4782608695652173,2.847826086956522,3.9565217391304346
20190903,4.708333333333333,2.5,4.055555555555555,2.625,2.722222222222222,2.0833333333333335,2.5,3.5,2.3333333333333335,3.4166666666666665,2.1666666666666665,2.25,3.6666666666666665,2.25,3.875,2.7916666666666665
20190904,4.800724637681159,2.8333333333333335,4.586956521739131,2.6739130434782608,3.739130434782609,2.4347826086956523,2.652173913043478,3.3333333333333335,3.130434782608696,3.239130434782609,2.8043478260869565,3.3260869565217392,3.347826086956522,2.217391304347826,2.6739130434782608,2.739130434782609
20190905,3.5,2.2152777777777777,3.0,2.7708333333333335,2.777777777777778,2.2916666666666665,2.4583333333333335,2.826388888888889,2.2708333333333335,2.3958333333333335,2.5208333333333335,3.0416666666666665,2.7083333333333335,2.3541666666666665,2.125,2.6458333333333335
20190906,4.46875,2.1666666666666665,4.416666666666667,3.1041666666666665,3.2083333333333335,2.5,2.9166666666666665,3.277777777777778,3.375,3.0416666666666665,2.3958333333333335,2.2916666666666665,3.125,2.2916666666666665,2.3958333333333335,2.8958333333333335
20190907,5.354166666666667,2.3472222222222223,3.1041666666666665,2.5,2.173611111111111,2.0833333333333335,2.3958333333333335,2.298611111111111,2.0833333333333335,1.9375,2.2916666666666665,2.2083333333333335,2.125,2.9166666666666665,1.9375,4.479166666666667
20190908,3.4347826086956523,2.550724637681159,3.130434782608696,2.369565217391304,2.4855072463768115,2.608695652173913,2.130434782608696,2.8840579710144927,2.4347826086956523,2.108695652173913,2.391304347826087,2.3260869565217392,2.130434782608696,3.0,2.0217391304347827,3.5217391304347827
20190909,8.0,5.8125,8.680555555555555,6.583333333333333,6.972222222222222,7.125,4.270833333333333,4.569444444444445,4.645833333333333,6.3125,4.145833333333333,5.583333333333333,5.375,2.9166666666666665,3.3125,2.3958333333333335
20190910,2.1375,3.0,2.3,3.0,2.933333333333333,2.9,2.3,2.966666666666667,3.0,2.75,2.4,3.0,2.95,3.0,2.475,2.65
20190911,6.47463768115942,3.7753623188405796,6.0144927536231885,3.0434782608695654,5.086956521739131,2.8260869565217392,3.0869565217391304,4.391304347826087,4.434782608695652,3.717391304347826,2.5869565217391304,2.8260869565217392,2.608695652173913,2.652173913043478,3.8043478260869565,3.0434782608695654
20190912,2.5615942028985508,2.166666666666667,2.4347826086956523,2.130434782608696,2.1449275362318843,1.5434782608695652,2.5869565217391304,2.1739130434782608,2.0652173913043477,2.3043478260869565,2.4347826086956523,2.217391304347826,2.347826086956522,2.0,1.8478260869565217,2.608695652173913
20190913,2.3152173913043477,2.3333333333333335,2.652173913043478,2.108695652173913,2.2753623188405796,1.0,2.5869565217391304,2.898550724637681,3.0,3.0,1.2173913043478262,2.0434782608695654,2.8260869565217392,2.9130434782608696,2.739130434782609,2.6956521739130435
20190914,2.46875,2.152777777777778,2.618055555555556,1.9166666666666667,1.9861111111111114,2.625,1.9791666666666667,2.5,2.7083333333333335,2.7708333333333335,2.6875,1.2916666666666667,2.75,2.7916666666666665,2.7916666666666665,2.8333333333333335
20190915,3.315972222222222,1.9444444444444446,2.375,2.0,1.888888888888889,2.0833333333333335,2.25,2.638888888888889,2.625,3.1458333333333335,2.2708333333333335,2.75,2.9166666666666665,2.7083333333333335,2.6666666666666665,3.7916666666666665
20190916,4.413043478260869,3.398550724637681,3.608695652173913,2.608695652173913,3.2753623188405796,2.217391304347826,2.782608695652174,3.0869565217391304,3.5,3.608695652173913,2.9130434782608696,2.652173913043478,3.0869565217391304,2.9565217391304346,5.413043478260869,2.782608695652174
20190917,4.782608695652174,2.7681159420289854,2.6231884057971016,3.0869565217391304,4.108695652173913,1.826086956521739,2.782608695652174,2.7681159420289854,2.869565217391304,2.8260869565217392,2.4565217391304346,2.5217391304347827,2.347826086956522,2.652173913043478,2.652173913043478,2.847826086956522
20190918,1.9756944444444444,2.430555555555556,2.4583333333333335,2.4583333333333335,2.5416666666666665,2.5833333333333335,1.9166666666666667,1.8194444444444446,2.9791666666666665,2.6666666666666665,2.2291666666666665,2.7083333333333335,1.5,4.291666666666667,3.4166666666666665,3.2291666666666665
20190919,4.045454545454546,2.992424242424242,3.6212121212121215,2.8863636363636362,2.7045454545454546,2.5454545454545454,2.772727272727273,3.515151515151515,3.1818181818181817,2.7045454545454546,2.2954545454545454,2.6818181818181817,2.090909090909091,1.4545454545454546,2.0454545454545454,2.6136363636363638
20190920,3.5,2.238095238095238,3.5,2.8214285714285716,3.4047619047619047,1.6428571428571428,2.4642857142857144,2.1785714285714284,2.2142857142857144,2.0,2.6785714285714284,2.857142857142857,2.142857142857143,10.0,2.25,3.0
20190921,9.2,4.9,9.133333333333333,5.15,7.466666666666667,5.5,4.5,10.533333333333333,19.75,8.5,2.5,2.6,7.9,1.4,5.65,2.9
20190922,4.5,2.717948717948718,4.0,3.769230769230769,3.3589743589743586,2.4615384615384617,2.3461538461538463,2.3846153846153846,2.0,2.076923076923077,2.576923076923077,2.5384615384615383,2.4615384615384617,5.076923076923077,2.4615384615384617,2.1153846153846154
20190923,5.056818181818182,3.0303030303030307,2.621212121212121,3.0681818181818183,3.0,2.0,2.3181818181818183,2.515151515151515,1.9318181818181819,2.159090909090909,3.8636363636363638,2.3181818181818183,2.3636363636363638,1.6363636363636365,2.3863636363636362,4.181818181818182
20190924,3.641304347826087,2.369565217391304,2.666666666666667,2.4347826086956523,2.463768115942029,1.7391304347826086,2.4782608695652173,2.5652173913043477,2.608695652173913,2.130434782608696,3.8043478260869565,2.739130434782609,2.5217391304347827,2.9130434782608696,1.5434782608695652,3.891304347826087
20190925,3.3368055555555554,2.326388888888889,3.722222222222222,2.6041666666666665,3.2083333333333335,2.25,2.625,2.194444444444444,2.3333333333333335,2.625,2.2916666666666665,2.1666666666666665,2.3333333333333335,2.375,2.125,2.9791666666666665
20190926,2.692028985507246,2.4855072463768115,2.869565217391304,2.891304347826087,2.608695652173913,1.7826086956521738,2.391304347826087,2.4347826086956523,2.8260869565217392,2.8043478260869565,2.152173913043478,2.0869565217391304,4.3478260869565215,2.347826086956522,2.1956521739130435,1.7826086956521738
20190927,3.8472222222222223,2.7037037037037037,3.0185185185185186,2.5,3.259259259259259,2.2222222222222223,2.7777777777777777,2.611111111111111,2.25,2.5277777777777777,2.611111111111111,2.7222222222222223,6.333333333333333,2.7777777777777777,2.5,2.2222222222222223
20190928,4.0189393939393945,2.621212121212121,2.893939393939394,2.477272727272727,2.4242424242424243,1.9090909090909092,2.3636363636363638,2.4545454545454546,2.8863636363636362,2.272727272727273,1.9090909090909092,2.5,2.5454545454545454,2.5454545454545454,2.2954545454545454,2.340909090909091
20190929,3.0370370370370368,2.509259259259259,2.4444444444444446,2.4166666666666665,2.2592592592592595,2.111111111111111,2.388888888888889,2.240740740740741,2.25,2.7777777777777777,2.0833333333333335,2.4444444444444446,2.7777777777777777,2.7777777777777777,2.3055555555555554,2.361111111111111
20190930,3.333333333333333,2.8181818181818183,4.363636363636363,2.6363636363636362,3.4696969696969693,3.272727272727273,3.1818181818181817,3.272727272727273,2.8181818181818183,3.8636363636363638,2.8181818181818183,3.3636363636363638,2.6363636363636362,3.0,2.5454545454545454,2.590909090909091
20191002,3.7456140350877196,2.7017543859649122,3.043859649122807,2.473684210526316,3.0701754385964914,2.1052631578947367,2.1842105263157894,2.473684210526316,2.973684210526316,3.0,2.4210526315789473,2.473684210526316,2.5789473684210527,2.4210526315789473,2.4210526315789473,2.0526315789473686
20191003,3.188888888888889,2.2222222222222223,2.111111111111111,2.533333333333333,2.8,2.2666666666666666,1.6333333333333333,2.6444444444444444,2.3666666666666667,2.3,2.0,2.1333333333333333,2.066666666666667,2.466666666666667,2.1,2.9
20191004,1.6944444444444444,2.3472222222222223,2.2083333333333335,2.875,2.6527777777777777,1.1666666666666667,3.0,2.736111111111111,2.75,2.8125,2.8125,2.7916666666666665,3.0,2.9583333333333335,2.7083333333333335,2.5
20191005,1.6805555555555554,2.4166666666666665,2.361111111111111,3.0,2.4722222222222223,2.6666666666666665,2.6666666666666665,2.8055555555555554,2.125,2.0833333333333335,2.9583333333333335,2.1666666666666665,2.25,3.0,2.625,2.0833333333333335
20191006,2.493055555555556,1.4444444444444444,2.430555555555556,2.1875,2.3472222222222223,2.1666666666666665,2.4583333333333335,1.888888888888889,1.5833333333333333,2.2916666666666665,2.5833333333333335,1.9166666666666667,1.875,2.4166666666666665,2.7916666666666665,2.125
20191007,2.840277777777778,1.9583333333333333,1.513888888888889,2.25,2.6666666666666665,1.2708333333333333,2.375,1.888888888888889,1.7291666666666667,2.9583333333333335,2.3541666666666665,2.5,2.125,2.2916666666666665,2.75,3.125
20191008,2.7604166666666665,2.513888888888889,2.638888888888889,1.6666666666666667,1.625,2.5833333333333335,2.2083333333333335,2.013888888888889,2.1041666666666665,2.625,2.5208333333333335,2.5,2.1666666666666665,2.0625,2.0833333333333335,3.125
20191009,5.041666666666667,4.305555555555555,4.076388888888888,3.0625,3.9166666666666665,3.2083333333333335,3.5416666666666665,4.222222222222222,3.4375,2.9791666666666665,2.75,2.9583333333333335,2.75,2.2916666666666665,2.4583333333333335,3.2291666666666665
20191010,1.8784722222222223,3.1180555555555554,2.118055555555556,2.9166666666666665,2.111111111111111,1.1666666666666667,2.9166666666666665,1.9444444444444446,2.9166666666666665,1.8541666666666667,2.9166666666666665,2.5833333333333335,2.9166666666666665,2.8333333333333335,2.9166666666666665,2.5208333333333335
20191011,4.854166666666667,4.125,4.923611111111112,3.9166666666666665,4.111111111111112,3.5,2.5416666666666665,3.3194444444444446,3.3958333333333335,5.541666666666667,3.2916666666666665,3.4583333333333335,5.375,3.3333333333333335,4.166666666666667,3.25
20191012,21.399305555555557,18.069444444444446,17.8125,7.229166666666667,13.680555555555555,6.75,3.2916666666666665,10.01388888888889,11.0625,9.041666666666666,6.208333333333333,6.375,9.333333333333334,7.625,6.541666666666667,6.395833333333333
20191013,7.3125,4.875,6.083333333333333,3.5833333333333335,4.680555555555555,2.5833333333333335,2.2083333333333335,2.638888888888889,2.5833333333333335,3.6458333333333335,3.0416666666666665,3.5,6.625,3.2916666666666665,3.1666666666666665,3.8958333333333335
20191014,2.8333333333333335,2.305555555555556,2.375,2.5,2.0625,1.375,2.6041666666666665,2.388888888888889,2.1458333333333335,2.3333333333333335,2.6875,2.3333333333333335,1.4166666666666667,2.5,2.7916666666666665,4.416666666666667
20191015,3.013888888888889,2.5416666666666665,3.0416666666666665,2.4375,3.236111111111111,1.5416666666666667,2.25,1.888888888888889,1.9583333333333333,2.0208333333333335,3.3333333333333335,2.5833333333333335,2.1666666666666665,2.0833333333333335,2.4375,4.729166666666667
20191016,3.326388888888889,2.3125,2.375,2.75,2.9444444444444446,2.0833333333333335,1.9583333333333333,2.3333333333333335,2.1458333333333335,2.3541666666666665,1.9791666666666667,2.3333333333333335,2.1666666666666665,2.8333333333333335,2.4583333333333335,3.1875
20191017,3.142361111111111,2.8125,2.0555555555555554,2.6041666666666665,2.847222222222222,2.1666666666666665,1.9166666666666667,2.6666666666666665,2.7083333333333335,2.2291666666666665,2.2916666666666665,2.6666666666666665,1.875,2.2083333333333335,2.1041666666666665,2.0
20191018,2.486111111111111,2.0833333333333335,2.736111111111111,1.9791666666666667,2.722222222222222,1.75,2.9166666666666665,2.305555555555556,1.5208333333333333,1.5625,2.1875,3.0,2.3333333333333335,2.375,2.1875,2.7083333333333335
20191019,3.6979166666666665,2.2222222222222223,3.777777777777778,2.8958333333333335,2.861111111111111,2.9583333333333335,2.6666666666666665,2.8194444444444446,2.9166666666666665,2.4583333333333335,2.1458333333333335,2.125,2.25,2.7083333333333335,2.5208333333333335,2.8333333333333335
20191020,3.8541666666666665,2.8333333333333335,2.8402777777777772,2.375,2.6805555555555554,2.2916666666666665,2.5625,2.638888888888889,2.1041666666666665,2.1875,2.4166666666666665,1.625,2.2083333333333335,2.875,2.7916666666666665,1.75
20191021,4.423611111111112,2.5416666666666665,3.097222222222222,2.5833333333333335,3.1666666666666665,2.1666666666666665,2.3958333333333335,2.763888888888889,3.3333333333333335,2.7083333333333335,2.8333333333333335,1.7916666666666667,4.25,2.9166666666666665,2.75,2.5416666666666665
20191022,4.541666666666667,3.159722222222222,3.9444444444444446,2.2916666666666665,3.638888888888889,2.25,2.5625,2.875,3.5833333333333335,2.5625,2.3958333333333335,1.875,2.2916666666666665,2.2083333333333335,2.5416666666666665,2.75
20191023,4.673611111111112,3.3958333333333335,4.236111111111112,2.7916666666666665,4.263888888888888,7.083333333333333,3.5208333333333335,3.5833333333333335,5.145833333333333,3.0208333333333335,3.0,3.375,3.875,3.4583333333333335,3.8125,2.8333333333333335
20191024,3.4618055555555554,2.5208333333333335,3.6944444444444446,1.8958333333333333,3.0833333333333335,2.375,2.4375,1.9861111111111114,2.0208333333333335,2.2916666666666665,2.2291666666666665,2.5,2.75,2.5833333333333335,2.0833333333333335,2.0416666666666665
20191025,2.0625,2.2291666666666665,2.152777777777778,2.625,2.277777777777778,3.0208333333333335,2.9166666666666665,2.4444444444444446,2.375,2.7916666666666665,1.9791666666666667,1.9166666666666667,3.0,3.0,2.4375,1.6041666666666667
20191026,5.802083333333333,3.638888888888889,5.263888888888888,3.0625,4.861111111111112,3.4166666666666665,4.083333333333333,4.583333333333333,3.6875,2.7916666666666665,2.0833333333333335,3.4166666666666665,2.7083333333333335,1.75,2.3541666666666665,6.375
20191027,6.854166666666667,3.625,5.055555555555555,2.8333333333333335,5.208333333333333,2.625,3.2291666666666665,3.75,2.7083333333333335,2.5,2.9791666666666665,3.0416666666666665,2.7083333333333335,2.4166666666666665,2.625,6.0625
20191028,2.7881944444444446,2.138888888888889,2.5,2.4166666666666665,2.2083333333333335,2.8333333333333335,2.5833333333333335,2.638888888888889,1.9166666666666667,2.625,1.8125,1.375,1.875,2.6666666666666665,1.8541666666666667,2.0208333333333335
20191029,5.007246376811595,5.028985507246377,6.72463768115942,2.9565217391304346,6.115942028985507,3.1739130434782608,4.934782608695652,4.434782608695652,3.5434782608695654,2.6956521739130435,2.630434782608696,3.130434782608696,2.608695652173913,2.8260869565217392,2.3260869565217392,5.8478260869565215
20191030,5.881944444444444,4.208333333333333,6.9375,2.4166666666666665,5.763888888888889,2.5,3.75,4.305555555555555,4.8125,3.2916666666666665,3.4583333333333335,3.9166666666666665,3.0833333333333335,2.7916666666666665,2.7916666666666665,7.666666666666667
20191031,5.211805555555555,4.006944444444445,6.222222222222222,2.125,7.722222222222222,2.7916666666666665,4.020833333333333,3.0,3.6458333333333335,1.9791666666666667,3.5625,3.5416666666666665,1.5,2.375,2.1041666666666665,6.770833333333333
20191101,8.072916666666666,5.694444444444444,6.888888888888889,2.5833333333333335,7.888888888888889,5.25,6.791666666666667,6.027777777777778,5.604166666666667,6.541666666666667,4.75,5.291666666666667,6.625,6.833333333333333,6.3125,7.166666666666667
20191102,4.5,2.0833333333333335,2.5972222222222223,1.6458333333333333,2.055555555555556,2.375,1.9166666666666667,2.319444444444444,2.8125,1.8958333333333333,2.2916666666666665,2.5833333333333335,1.9583333333333333,3.0,1.8125,2.5625
20191103,3.9270833333333335,2.2777777777777777,3.4583333333333335,2.5416666666666665,2.236111111111111,2.4166666666666665,2.2083333333333335,2.638888888888889,2.8958333333333335,3.25,2.1875,2.5,2.0833333333333335,2.5833333333333335,2.3333333333333335,2.1041666666666665
20191104,3.4479166666666665,2.055555555555556,4.180555555555556,2.2708333333333335,2.555555555555556,1.7916666666666667,2.25,2.5833333333333335,2.8333333333333335,2.2291666666666665,1.9583333333333333,3.0,2.125,3.0,2.6041666666666665,2.9375
20191105,4.117424242424242,3.257575757575758,3.8181818181818183,2.3636363636363638,3.393939393939394,2.6818181818181817,3.0454545454545454,3.3181818181818183,3.1363636363636362,3.2045454545454546,2.840909090909091,3.090909090909091,3.8636363636363638,3.272727272727273,2.7045454545454546,3.6363636363636362
20191106,4.065972222222222,2.4583333333333335,3.840277777777778,1.4166666666666667,2.861111111111111,1.9166666666666667,1.75,2.736111111111111,2.5,2.1041666666666665,2.0833333333333335,2.5,1.8333333333333333,2.7916666666666665,2.6458333333333335,3.1041666666666665
20191107,3.652777777777778,2.8541666666666665,3.5833333333333335,2.4166666666666665,2.8055555555555554,1.8333333333333333,2.9166666666666665,3.1666666666666665,4.791666666666667,2.1458333333333335,2.5625,3.0,2.4166666666666665,1.9583333333333333,1.7916666666666667,2.1666666666666665
20191108,4.913194444444445,3.5,4.618055555555555,2.9166666666666665,3.798611111111111,2.4583333333333335,2.5,2.9305555555555554,3.6458333333333335,2.3125,4.0,2.625,2.5416666666666665,2.5,1.4583333333333333,5.770833333333333
20191109,5.4375,3.361111111111111,4.361111111111112,2.0833333333333335,3.777777777777778,1.7083333333333333,2.375,3.0416666666666665,3.625,3.0208333333333335,2.375,1.9166666666666667,2.4583333333333335,2.2916666666666665,1.9791666666666667,4.333333333333333
20191110,5.333333333333333,1.888888888888889,1.986111111111111,2.1666666666666665,1.875,3.0,2.625,1.9583333333333333,2.3333333333333335,2.125,1.5625,2.0833333333333335,2.9166666666666665,3.0,2.9583333333333335,1.8125
20191111,3.1180555555555554,2.263888888888889,3.0069444444444446,1.75,2.2291666666666665,1.7916666666666667,2.125,2.1041666666666665,2.5625,1.6875,2.1041666666666665,1.7916666666666667,2.25,3.0,2.3333333333333335,2.5416666666666665
20191112,6.46875,5.576388888888889,7.861111111111111,3.125,6.604166666666667,4.958333333333333,4.604166666666667,6.833333333333333,7.791666666666667,7.333333333333333,2.8125,3.0,6.291666666666667,4.645833333333333,5.3125,5.729166666666667
20191113,2.163194444444444,1.954861111111111,2.2847222222222223,2.625,2.5833333333333335,2.6666666666666665,2.8020833333333335,2.513888888888889,2.5,2.9270833333333335,2.8333333333333335,2.5416666666666665,3.1666666666666665,2.9583333333333335,2.3125,1.8958333333333333
20191114,6.079861111111111,5.5625,8.63888888888889,2.8333333333333335,4.534722222222222,3.0833333333333335,2.875,5.791666666666667,7.333333333333333,5.708333333333333,2.2708333333333335,3.7083333333333335,5.125,2.9166666666666665,3.3541666666666665,2.1458333333333335
20191115,6.166666666666667,5.548611111111111,7.736111111111111,3.5,6.659722222222222,3.9166666666666665,3.1875,3.8541666666666665,4.770833333333333,9.770833333333334,4.6875,5.0,8.791666666666666,9.875,8.958333333333334,5.645833333333333
20191116,9.760416666666666,6.930555555555556,10.125,5.854166666666667,9.729166666666666,5.75,5.0625,7.986111111111111,8.041666666666666,9.291666666666666,4.541666666666667,5.916666666666667,5.791666666666667,6.625,4.104166666666667,3.1458333333333335
20191117,6.770833333333333,4.083333333333333,7.458333333333333,4.583333333333333,5.069444444444445,3.625,2.6458333333333335,4.652777777777778,6.229166666666667,6.604166666666667,4.395833333333333,4.416666666666667,5.0,4.708333333333333,3.5208333333333335,4.083333333333333
20191118,2.2604166666666665,1.9861111111111114,2.5833333333333335,3.0416666666666665,2.736111111111111,3.0,2.4375,2.722222222222222,2.2916666666666665,2.7291666666666665,2.5,1.75,2.9166666666666665,2.9166666666666665,2.8125,2.6041666666666665
20191119,3.1041666666666665,2.7083333333333335,2.611111111111111,2.3958333333333335,3.5416666666666665,2.375,3.2291666666666665,3.0416666666666665,3.0,2.5,1.7291666666666667,2.9583333333333335,4.333333333333333,2.2708333333333335,2.9166666666666665,2.7916666666666665
20191120,9.4375,7.75,12.541666666666666,3.3333333333333335,9.527777777777777,4.701086956521739,4.395833333333333,9.208333333333334,10.291666666666666,6.291666666666667,3.7916666666666665,4.375,9.375,5.958333333333333,4.375,6.1875
20191121,9.45486111111111,10.041666666666666,13.256944444444445,5.416666666666667,10.541666666666666,8.271739130434783,4.875,6.444444444444444,6.791666666666667,5.375,6.1875,6.166666666666667,4.0,7.583333333333333,4.0,7.395833333333333
20191122,10.829861111111112,9.381944444444445,11.819444444444445,6.354166666666667,11.125,9.17300724637681,5.0625,6.902777777777778,6.5,7.020833333333333,6.729166666666667,6.020833333333333,4.291666666666667,7.625,6.145833333333333,3.5416666666666665
20191123,8.197916666666666,7.5,8.1875,4.1875,7.388888888888889,4.708333333333333,4.0625,4.166666666666667,5.333333333333333,4.4375,5.020833333333333,6.541666666666667,2.6666666666666665,1.7916666666666667,2.625,6.666666666666667
20191124,2.902173913043478,2.333333333333333,2.4347826086956523,2.8260869565217392,2.217391304347826,2.8260869565217392,2.369565217391304,2.2898550724637685,2.6956521739130435,2.6956521739130435,2.869565217391304,2.1739130434782608,2.6956521739130435,3.0,2.130434782608696,2.239130434782609
20191125,3.7604166666666665,3.236111111111111,3.763888888888889,2.1875,3.652777777777778,3.3333333333333335,2.7916666666666665,2.763888888888889,2.4375,2.2708333333333335,3.375,2.3333333333333335,1.5833333333333333,2.0833333333333335,1.9791666666666667,4.8125
20191126,6.708333333333333,6.625,9.791666666666666,3.625,7.652777777777778,3.9583333333333335,3.7708333333333335,7.847222222222222,8.5625,3.9375,5.083333333333333,3.6666666666666665,3.1666666666666665,3.3958333333333335,2.875,10.395833333333334
20191127,3.40625,2.9444444444444446,4.215277777777778,1.9791666666666667,2.9444444444444446,2.25,2.0833333333333335,2.194444444444444,2.1458333333333335,1.875,2.2916666666666665,3.6666666666666665,2.2083333333333335,2.3333333333333335,2.25,5.9375
20191128,9.229166666666666,9.791666666666666,14.819444444444445,7.979166666666667,9.305555555555555,6.5,5.125,6.069444444444444,7.541666666666667,11.25,6.875,4.833333333333333,8.875,7.625,5.145833333333333,6.3125
20191129,7.666666666666667,8.777777777777777,9.73611111111111,5.958333333333333,7.944444444444444,5.604166666666667,3.8333333333333335,4.819444444444445,6.166666666666667,7.479166666666667,3.5625,3.625,4.291666666666667,3.75,3.5208333333333335,4.520833333333333
20191130,3.2395833333333335,2.2777777777777777,3.111111111111111,3.5208333333333335,1.6666666666666667,3.7083333333333335,2.3541666666666665,1.4444444444444444,2.1666666666666665,2.0833333333333335,3.2916666666666665,1.6666666666666667,1.7083333333333333,1.7916666666666667,2.4166666666666665,3.6458333333333335
20191201,4.864583333333333,3.5416666666666665,3.8194444444444446,3.625,2.8194444444444446,2.6666666666666665,2.9375,3.0555555555555554,2.5208333333333335,2.4583333333333335,5.916666666666667,2.25,1.6666666666666667,1.6666666666666667,2.875,7.145833333333333
20191202,3.3333333333333335,2.368055555555556,2.1666666666666665,2.2916666666666665,2.25,2.0,2.7083333333333335,2.375,1.9166666666666667,2.5833333333333335,3.75,1.875,2.0833333333333335,2.2916666666666665,2.875,5.541666666666667
20191203,5.145833333333333,3.5694444444444446,4.041666666666667,2.4583333333333335,4.222222222222222,2.6666666666666665,2.6041666666666665,3.7916666666666665,3.6875,3.8958333333333335,3.3541666666666665,2.9166666666666665,2.3333333333333335,2.9166666666666665,1.9375,6.75
20191204,3.7743055555555554,2.451388888888889,4.631944444444445,2.4166666666666665,4.027777777777778,2.4166666666666665,2.7916666666666665,3.8194444444444446,3.625,4.083333333333333,3.6458333333333335,2.5833333333333335,2.3333333333333335,3.8333333333333335,2.3958333333333335,5.9375
20191205,4.333333333333333,3.951388888888889,4.916666666666667,3.0416666666666665,3.1944444444444446,3.25,3.9791666666666665,4.041666666666667,4.9375,4.0625,2.375,2.4166666666666665,2.9166666666666665,2.25,2.0625,4.708333333333333
20191206,4.753472222222222,5.597222222222222,5.583333333333333,4.5,3.9305555555555554,3.25,3.0833333333333335,4.597222222222222,3.9375,4.395833333333333,4.5625,2.7083333333333335,2.9166666666666665,2.8333333333333335,3.0,10.854166666666666
20191207,4.940972222222222,3.8055555555555554,5.666666666666667,3.6041666666666665,3.9583333333333335,2.7916666666666665,2.9375,3.3055555555555554,4.416666666666667,4.5,3.8125,3.7916666666666665,3.7083333333333335,2.9583333333333335,2.2291666666666665,9.4375
20191208,4.638888888888888,3.847222222222222,6.236111111111111,3.0416666666666665,3.347222222222222,1.5416666666666667,2.125,1.875,1.6875,2.0833333333333335,2.3958333333333335,2.125,1.375,2.125,1.4375,12.375
20191209,3.8229166666666665,3.097222222222222,4.138888888888888,2.2708333333333335,3.375,1.8333333333333333,1.6666666666666667,2.006944444444444,2.0833333333333335,2.6666666666666665,2.6041666666666665,2.875,2.25,1.75,1.7708333333333333,11.020833333333334
20191210,3.9895833333333335,4.361111111111112,4.861111111111112,3.0833333333333335,4.638888888888888,3.2083333333333335,2.8125,2.6875,3.1458333333333335,3.3541666666666665,2.4791666666666665,2.1666666666666665,2.7083333333333335,2.1666666666666665,2.125,5.4375
20191211,2.180555555555556,1.8472222222222223,4.027777777777778,1.5833333333333333,2.3333333333333335,1.5,2.3125,1.5,1.6666666666666667,2.0208333333333335,2.125,2.0416666666666665,2.8333333333333335,1.625,1.4375,3.1875
20191212,3.5104166666666665,3.611111111111111,4.958333333333333,3.3958333333333335,3.8194444444444446,3.6666666666666665,2.6666666666666665,3.9583333333333335,3.0625,2.6458333333333335,3.0416666666666665,3.6666666666666665,2.5416666666666665,2.6666666666666665,2.8541666666666665,11.729166666666666
20191213,6.375,5.555555555555556,8.097222222222223,3.0625,4.444444444444445,4.125,3.3541666666666665,4.388888888888888,4.3125,2.2083333333333335,4.4375,3.4166666666666665,1.5416666666666667,1.625,1.9166666666666667,9.270833333333334
20191214,3.3854166666666665,2.7083333333333335,5.111111111111112,2.2083333333333335,3.388888888888889,4.333333333333333,3.3125,3.3125,4.041666666666667,5.208333333333333,2.375,2.2083333333333335,3.625,2.8333333333333335,2.6666666666666665,4.5
20191215,9.8125,10.0,12.583333333333334,7.645833333333333,10.986111111111112,6.583333333333333,5.75,6.166666666666667,7.333333333333333,8.645833333333334,6.5,5.25,4.25,5.75,3.0833333333333335,6.583333333333333
20191216,3.46875,2.6805555555555554,4.055555555555555,2.0208333333333335,3.75,2.0416666666666665,1.9166666666666667,1.5833333333333333,2.4791666666666665,2.9166666666666665,1.9166666666666667,1.7083333333333333,1.8333333333333333,3.0,1.7083333333333333,4.645833333333333
20191217,3.03125,1.777777777777778,2.847222222222222,2.2708333333333335,2.055555555555556,1.5,1.5,1.9166666666666667,1.6875,2.4375,2.8958333333333335,1.6666666666666667,1.7916666666666667,1.7291666666666667,2.25,3.6458333333333335
20191218,2.420138888888889,2.0694444444444446,2.625,2.125,2.375,1.75,2.3958333333333335,2.1527777777777777,2.2708333333333335,2.2083333333333335,3.8541666666666665,2.125,1.625,1.7083333333333333,1.9791666666666667,8.75
20191219,3.2395833333333335,2.444444444444444,3.6458333333333335,2.2916666666666665,2.6458333333333335,1.75,2.2083333333333335,2.3472222222222223,2.125,2.2083333333333335,3.0,1.7083333333333333,1.9166666666666667,1.75,2.1041666666666665,5.020833333333333
20191220,3.170138888888889,3.111111111111111,4.208333333333333,4.541666666666667,3.7083333333333335,3.375,2.6041666666666665,2.847222222222222,2.9375,2.375,4.3125,3.807471264367816,2.7083333333333335,1.875,2.3125,11.6875
20191221,5.614583333333333,5.388888888888889,7.472222222222222,6.479166666666667,6.736111111111111,3.9166666666666665,3.2708333333333335,5.041666666666667,4.6875,2.6875,5.5625,8.60919540229885,2.7083333333333335,1.9166666666666667,2.3541666666666665,10.604166666666666
20191222,8.083333333333334,6.694444444444444,10.26388888888889,6.791666666666667,7.555555555555556,4.541666666666667,3.5,8.847222222222223,9.333333333333334,5.0,3.9791666666666665,4.5,5.75,3.2916666666666665,3.375,8.895833333333334
20191223,4.552083333333333,3.6875,5.583333333333333,6.5625,5.236111111111112,3.75,3.2291666666666665,4.25,4.479166666666667,5.583333333333333,4.729166666666667,4.541666666666667,5.916666666666667,3.3333333333333335,2.1041666666666665,5.270833333333333
20191224,3.625,2.965277777777778,4.909722222222222,5.854166666666667,4.930555555555555,2.8333333333333335,2.5416666666666665,4.152777777777778,2.9791666666666665,6.5,3.0416666666666665,3.3333333333333335,4.583333333333333,3.8333333333333335,2.2291666666666665,2.1041666666666665
20191225,4.107638888888888,3.6041666666666665,5.159722222222222,4.708333333333333,4.673611111111112,2.75,2.6875,3.097222222222222,3.125,2.7916666666666665,3.3541666666666665,2.75,1.8333333333333333,1.875,2.0,7.145833333333333
20191226,2.9375,1.9375,2.6666666666666665,1.8125,2.4097222222222223,2.25,1.9166666666666667,2.444444444444444,2.2916666666666665,2.9791666666666665,2.25,3.375,1.5833333333333333,2.0833333333333335,2.5625,4.583333333333333
20191227,4.760416666666667,4.708333333333333,7.388888888888889,4.041666666666667,6.597222222222222,4.104166666666667,3.25,5.319444444444445,6.229166666666667,3.3125,2.4583333333333335,2.6666666666666665,2.9166666666666665,2.2916666666666665,2.2708333333333335,9.583333333333334
20191228,10.711805555555555,10.020833333333334,13.166666666666666,8.875,11.458333333333334,8.166666666666666,5.9375,10.416666666666666,11.375,7.020833333333333,4.375,6.416666666666667,5.333333333333333,4.166666666666667,3.5625,6.604166666666667
20191229,6.9375,5.5625,8.597222222222223,4.0625,6.361111111111111,5.833333333333333,4.708333333333333,5.208333333333333,5.083333333333333,4.5625,5.125,5.666666666666667,4.041666666666667,2.625,3.3125,8.4375
20191230,2.75,2.6805555555555554,3.027777777777778,2.1875,2.388888888888889,2.7708333333333335,2.1041666666666665,2.638888888888889,2.2916666666666665,2.4166666666666665,2.5833333333333335,3.25,1.6666666666666667,1.7916666666666667,1.5208333333333333,4.895833333333333
20191231,7.256944444444444,6.194444444444444,5.930555555555556,5.166666666666667,6.3125,5.166666666666667,4.5,5.388888888888889,4.3125,3.7916666666666665,5.145833333333333,4.25,3.5833333333333335,2.9375,2.5,12.25
